DMY;DMY2;Family;Harvest;ID;Group;Days;Season
5232.417408;5979.416578;117F;1;F1000;5;0;Spring
3628.001078;3424.194745;118F;1;F1001;2;0;Spring
5484.088609;5530.134861;119F;1;F1002;3;0;Spring
2576.478419;2757.781447;120F;1;F1003;1;0;Spring
4333.474349;4489.981025;121F;1;F1004;6;0;Spring
3012.254843;2872.023179;122F;1;F1005;5;0;Spring
3546.133026;3697.134553;123F;1;F1006;6;0;Spring
3071.382103;3427.8358;124F;1;F1007;6;0;Spring
4222.558964;4174.626968;125F;1;F1008;6;0;Spring
3580.557762;3313.779356;126F;1;F1009;3;0;Spring
3376.318082;3743.580233;127F;1;F1010;1;0;Spring
3888.972845;3865.27556;128F;1;F1011;6;0;Spring
2372.63134;2350.534628;129F;1;F1012;4;0;Spring
2996.196268;3064.925063;130F;1;F1013;1;0;Spring
2955.327432;2998.87798;131F;1;F1014;3;0;Spring
2621.361488;2714.094193;132F;1;F1015;4;0;Spring
2600.652924;2821.507538;133F;1;F1016;2;0;Spring
3447.304168;3553.701209;134F;1;F1017;4;0;Spring
3937.58345;3805.675118;135F;1;F1018;5;0;Spring
3620.594153;3715.97188;136F;1;F1019;2;0;Spring
2570.072914;3169.287838;137F;1;F1020;1;0;Spring
3583.258853;4012.590509;138F;1;F1021;4;0;Spring
3075.263991;3413.59166;139F;1;F1022;5;0;Spring
3197.909088;3383.673611;140F;1;F1023;2;0;Spring
3863.813702;4100.29824;141F;1;F1024;1;0;Spring
4273.448762;4430.229695;144F;1;F1027;4;0;Spring
2514.039848;2414.300383;145F;1;F1028;5;0;Spring
2859.757991;3126.86125;146F;1;F1029;2;0;Spring
2799.449962;3067.641194;147F;1;F1030;3;0;Spring
3521.115175;3497.869134;148F;1;F1031;1;0;Spring
5159.636205;5066.489882;149F;1;F1032;4;0;Spring
3660.978985;4150.339158;1H;1;F1033;6;0;Spring
2712.733433;2974.424063;2H;1;F1034;6;0;Spring
2871.096143;3019.615686;3H;1;F1035;6;0;Spring
3496.260369;3607.891347;4H;1;F1036;6;0;Spring
3244.777651;3395.305848;5H;1;F1037;6;0;Spring
2509.157682;2612.968523;6H;1;F1038;6;0;Spring
2998.367318;3228.728706;7H;1;F1039;6;0;Spring
3961.724224;4023.238757;8H;1;F1040;6;0;Spring
2741.394786;3224.245645;9H;1;F1041;6;0;Spring
1548.723166;1576.418189;11H;1;F1043;6;0;Spring
2390.625884;2755.8483;12H;1;F1044;6;0;Spring
2468.596655;2494.92246;13H;1;F1045;6;0;Spring
2597.18397;2799.252789;14H;1;F1046;6;0;Spring
2704.193701;2769.081201;15H;1;F1047;6;0;Spring
4737.368043;4343.124978;16H;1;F1048;6;0;Spring
3280.265463;3290.778056;17H;1;F1049;6;0;Spring
1088.802718;918.9194379;18H;1;F1050;6;0;Spring
3663.362795;3743.527336;19H;1;F1051;6;0;Spring
3896.790604;3770.281891;20H;1;F1052;6;0;Spring
2034.20353;2028.339747;21H;1;F1053;6;0;Spring
3104.074776;3043.599539;22H;1;F1054;6;0;Spring
2682.985751;2263.462035;23H;1;F1055;6;0;Spring
2376.616495;2210.710982;24H;1;F1056;6;0;Spring
2221.864988;2334.117076;25H;1;F1057;6;0;Spring
2151.86834;2466.036249;26H;1;F1058;6;0;Spring
3923.875609;3905.84364;27H;1;F1059;6;0;Spring
3895.511006;3695.579325;28H;1;F1060;6;0;Spring
3384.852309;3623.607246;29H;1;F1061;6;0;Spring
3655.039048;3910.27178;30H;1;F1062;6;0;Spring
3587.829615;3354.002326;31H;1;F1063;6;0;Spring
2841.326983;2756.754065;32H;1;F1064;6;0;Spring
3579.916768;3869.904037;33H;1;F1065;6;0;Spring
2795.647554;3043.707936;34H;1;F1066;6;0;Spring
1581.065106;1739.908737;35H;1;F1067;6;0;Spring
2523.682536;2574.496317;36H;1;F1068;6;0;Spring
4181.087051;4659.596135;1F;1;F884;4;0;Spring
2649.061573;2940.814554;2F;1;F885;5;0;Spring
2513.527485;2719.117007;3F;1;F886;2;0;Spring
4030.688228;4364.571754;4F;1;F887;1;0;Spring
2662.768176;2763.366261;5F;1;F888;3;0;Spring
2368.3762;2432.567005;6F;1;F889;6;0;Spring
1446.622738;1601.701316;7F;1;F890;5;0;Spring
3094.73201;3196.386221;8F;1;F891;2;0;Spring
3586.987184;3507.255848;9F;1;F892;3;0;Spring
3344.449786;3137.295562;10F;1;F893;1;0;Spring
3860.555143;3856.147825;11F;1;F894;3;0;Spring
4901.126385;4370.93546;12F;1;F895;4;0;Spring
4743.173882;4896.919066;13F;1;F896;5;0;Spring
3069.103527;3043.847624;14F;1;F897;2;0;Spring
3518.668866;3106.071278;15F;1;F898;6;0;Spring
3180.743706;3543.604781;16F;1;F899;1;0;Spring
3693.31209;4118.387919;17F;1;F900;6;0;Spring
3665.190399;3613.946537;18F;1;F901;4;0;Spring
1670.0015;2061.037768;19F;1;F902;5;0;Spring
2200.18069;2391.453131;20F;1;F903;2;0;Spring
2599.7493;2722.60047;21F;1;F904;6;0;Spring
4999.22983;4564.198738;22F;1;F905;1;0;Spring
4230.655112;4311.204033;23F;1;F906;4;0;Spring
3277.908267;3344.48713;24F;1;F907;5;0;Spring
3161.01696;3267.149066;25F;1;F908;2;0;Spring
1730.821329;1735.764086;26F;1;F909;6;0;Spring
3239.852566;3284.143522;27F;1;F910;3;0;Spring
3388.105001;3803.293602;28F;1;F911;1;0;Spring
1879.483273;1685.324647;29F;1;F912;6;0;Spring
2475.470311;2827.345667;30F;1;F913;4;0;Spring
1519.598098;1276.295408;31F;1;F914;5;0;Spring
2562.266118;2752.192119;32F;1;F915;2;0;Spring
5038.746316;5153.499014;33F;1;F916;1;0;Spring
1582.74984;2015.479805;34F;1;F917;3;0;Spring
2255.589127;2695.317314;35F;1;F918;4;0;Spring
3072.263722;3127.779785;37F;1;F920;2;0;Spring
3181.697155;3456.447283;38F;1;F921;3;0;Spring
1080.283298;1316.698434;40F;1;F923;1;0;Spring
2088.562099;2046.565672;41F;1;F924;3;0;Spring
5340.476241;5637.704722;42F;1;F925;4;0;Spring
4447.317632;4716.314532;43F;1;F926;5;0;Spring
1882.394241;1818.035287;44F;1;F927;6;0;Spring
4295.72;4382.947777;46F;1;F929;3;0;Spring
2379.431019;2531.570981;47F;1;F930;1;0;Spring
2580.615067;2673.991563;48F;1;F931;6;0;Spring
3409.031019;3753.311807;49F;1;F932;3;0;Spring
2726.762493;2388.782232;50F;1;F933;4;0;Spring
2844.439246;3191.651517;51F;1;F934;5;0;Spring
3016.514546;3184.773586;52F;1;F935;2;0;Spring
3957.904871;3990.853638;53F;1;F936;1;0;Spring
3622.350794;3929.913062;54F;1;F937;6;0;Spring
2806.123386;2865.320175;55F;1;F938;4;0;Spring
2110.866093;2521.709896;56F;1;F939;2;0;Spring
2753.174063;3542.894434;57F;1;F940;6;0;Spring
3466.781637;3746.604204;58F;1;F941;4;0;Spring
2222.20794;2015.735095;59F;1;F942;5;0;Spring
2455.271464;2372.938714;60F;1;F943;2;0;Spring
2954.206128;3424.078578;61F;1;F944;1;0;Spring
2131.353937;2322.24283;62F;1;F945;3;0;Spring
2091.686826;2626.839434;63F;1;F946;1;0;Spring
1351.378182;1553.203154;64F;1;F947;3;0;Spring
2741.579935;3003.312306;65F;1;F948;4;0;Spring
3005.495491;2923.378659;66F;1;F949;2;0;Spring
4111.348844;4195.604247;67F;1;F950;6;0;Spring
1837.339364;1805.903246;68F;1;F951;1;0;Spring
3502.072063;3692.570647;69F;1;F952;6;0;Spring
2357.964111;2696.068072;70F;1;F953;4;0;Spring
2891.398523;2694.70096;71F;1;F954;5;0;Spring
2826.948045;2986.127371;72F;1;F955;2;0;Spring
2228.423049;2344.022531;73F;1;F956;6;0;Spring
3737.255711;4093.875782;74F;1;F957;3;0;Spring
2061.032297;2022.514693;75F;1;F958;1;0;Spring
4978.446172;5036.950882;76F;1;F959;3;0;Spring
2407.750882;2539.124391;78F;1;F961;4;0;Spring
6806.300063;6811.302135;79F;1;F962;5;0;Spring
2773.74786;2992.327614;80F;1;F963;2;0;Spring
2571.49316;2607.555409;81F;1;F964;6;0;Spring
2194.584996;2320.246262;82F;1;F965;1;0;Spring
2481.006211;2835.680587;83F;1;F966;3;0;Spring
3364.062686;3790.912395;84F;1;F967;4;0;Spring
1282.678591;1626.495349;85F;1;F968;6;0;Spring
3546.061094;3359.231062;86F;1;F969;6;0;Spring
2894.72924;3186.32085;87F;1;F970;2;0;Spring
1225.138704;1479.036268;88F;1;F971;1;0;Spring
2826.335124;2876.184124;89F;1;F972;6;0;Spring
1282.820199;1547.302208;91F;1;F974;5;0;Spring
2620.688196;3343.951152;92F;1;F975;6;0;Spring
3030.275599;3559.723219;93F;1;F976;1;0;Spring
3361.082537;3273.802143;94F;1;F977;6;0;Spring
2792.466102;2792.871058;95F;1;F978;4;0;Spring
2087.127161;2549.220735;96F;1;F979;2;0;Spring
3146.030333;3149.122683;97F;1;F980;6;0;Spring
3183.913999;3440.55926;98F;1;F981;1;0;Spring
3286.29213;3339.231531;99F;1;F982;4;0;Spring
3360.042168;3666.810584;100F;1;F983;5;0;Spring
1815.68058;2427.735704;101F;1;F984;2;0;Spring
2893.05668;3163.771766;102F;1;F985;1;0;Spring
3242.909764;3549.737974;103F;1;F986;6;0;Spring
2819.886256;3202.94014;104F;1;F987;6;0;Spring
4882.362806;4746.305588;105F;1;F988;4;0;Spring
3494.520904;3858.78315;106F;1;F989;5;0;Spring
1988.012949;1817.311413;107F;1;F990;2;0;Spring
5342.537791;5219.666092;108F;1;F991;3;0;Spring
2842.411212;3179.163161;109F;1;F992;6;0;Spring
2712.377227;2750.710389;110F;1;F993;1;0;Spring
3963.722122;3837.440287;111F;1;F994;4;0;Spring
3873.259186;4099.14112;112F;1;F995;5;0;Spring
3058.953781;3173.99271;113F;1;F996;2;0;Spring
3986.698415;3858.225066;114F;1;F997;6;0;Spring
3827.873468;3698.23399;115F;1;F998;1;0;Spring
2570.868849;2800.055364;116F;1;F999;4;0;Spring
4179.390648;4775.932052;117F;2;F1000;5;67;Spring
1363.19728;2048.520251;118F;2;F1001;2;67;Spring
1924.78402;1974.166142;119F;2;F1002;3;67;Spring
2461.698904;2242.42407;120F;2;F1003;1;67;Spring
3045.089513;3170.844323;121F;2;F1004;6;67;Spring
2537.089106;2353.880391;122F;2;F1005;5;67;Spring
2817.956836;2752.49024;123F;2;F1006;6;67;Spring
2552.921265;2846.624235;124F;2;F1007;6;67;Spring
4164.424453;3679.202554;125F;2;F1008;6;67;Spring
3555.783254;2806.491941;126F;2;F1009;3;67;Spring
2310.787875;3006.595211;127F;2;F1010;1;67;Spring
3146.780897;3017.546071;128F;2;F1011;6;67;Spring
1809.504639;1706.720782;129F;2;F1012;4;67;Spring
2232.518511;2336.586712;130F;2;F1013;1;67;Spring
2105.040375;2465.425251;131F;2;F1014;3;67;Spring
2268.354497;2158.854963;132F;2;F1015;4;67;Spring
3273.847069;3612.973163;133F;2;F1016;2;67;Spring
3062.555474;3076.4654;134F;2;F1017;4;67;Spring
1706.149122;1978.018841;135F;2;F1018;5;67;Spring
2747.868475;2710.617108;136F;2;F1019;2;67;Spring
1738.899504;2083.260691;137F;2;F1020;1;67;Spring
2217.189293;2929.262874;138F;2;F1021;4;67;Spring
3066.514239;3674.637573;139F;2;F1022;5;67;Spring
2694.970606;2702.609675;140F;2;F1023;2;67;Spring
4066.708422;4126.331209;141F;2;F1024;1;67;Spring
3031.292094;3179.62623;144F;2;F1027;4;67;Spring
2189.972395;1968.065898;145F;2;F1028;5;67;Spring
2315.195507;2339.741842;146F;2;F1029;2;67;Spring
1564.239927;1931.441943;147F;2;F1030;3;67;Spring
2715.094942;2746.434137;148F;2;F1031;1;67;Spring
4891.881489;4551.278377;149F;2;F1032;4;67;Spring
2571.878375;3071.9703;1H;2;F1033;6;67;Spring
1548.524205;1691.742266;2H;2;F1034;6;67;Spring
1723.197892;2097.911017;3H;2;F1035;6;67;Spring
2562.950925;2420.969967;4H;2;F1036;6;67;Spring
2438.968139;2126.291343;5H;2;F1037;6;67;Spring
1946.085481;2081.329967;6H;2;F1038;6;67;Spring
1107.222662;1612.765925;7H;2;F1039;6;67;Spring
2729.235998;3053.002561;8H;2;F1040;6;67;Spring
2141.001981;2768.270785;9H;2;F1041;6;67;Spring
1239.77632;999.4677384;11H;2;F1043;6;67;Spring
1956.627234;1766.371502;12H;2;F1044;6;67;Spring
2681.509953;2755.535254;13H;2;F1045;6;67;Spring
2232.327894;2572.3632;14H;2;F1046;6;67;Spring
2040.347204;2135.181266;15H;2;F1047;6;67;Spring
3881.49245;3480.003414;16H;2;F1048;6;67;Spring
2922.890094;2726.455714;17H;2;F1049;6;67;Spring
1189.098763;1000.352088;18H;2;F1050;6;67;Spring
3396.968922;3368.839721;19H;2;F1051;6;67;Spring
3251.891916;3224.021032;20H;2;F1052;6;67;Spring
1579.312074;1376.831368;21H;2;F1053;6;67;Spring
3076.542341;2748.951569;22H;2;F1054;6;67;Spring
2321.087296;1790.942072;23H;2;F1055;6;67;Spring
2514.684983;2182.0327;24H;2;F1056;6;67;Spring
2209.902675;2518.374818;25H;2;F1057;6;67;Spring
2121.014188;2297.222691;26H;2;F1058;6;67;Spring
3971.328859;3440.946783;27H;2;F1059;6;67;Spring
3678.043708;3116.902649;28H;2;F1060;6;67;Spring
2887.577415;2952.90937;29H;2;F1061;6;67;Spring
3343.035048;3606.910876;30H;2;F1062;6;67;Spring
3394.834688;3008.267267;31H;2;F1063;6;67;Spring
2061.010093;1979.035394;32H;2;F1064;6;67;Spring
3680.390127;3545.058485;33H;2;F1065;6;67;Spring
1797.119271;1934.170199;34H;2;F1066;6;67;Spring
1298.958047;1299.292898;35H;2;F1067;6;67;Spring
1441.765156;1468.792094;36H;2;F1068;6;67;Spring
3714.452344;4336.746322;1F;2;F884;4;67;Spring
2686.005132;2671.521295;2F;2;F885;5;67;Spring
2023.256899;2243.05457;3F;2;F886;2;67;Spring
2809.235347;2975.910041;4F;2;F887;1;67;Spring
2119.318748;2468.436585;5F;2;F888;3;67;Spring
1625.285351;1904.410967;6F;2;F889;6;67;Spring
1480.684253;1564.268831;7F;2;F890;5;67;Spring
2201.572982;2234.627907;8F;2;F891;2;67;Spring
3810.537612;3789.112565;9F;2;F892;3;67;Spring
3412.03339;3590.692366;10F;2;F893;1;67;Spring
3607.363402;3639.04211;11F;2;F894;3;67;Spring
4307.644946;3493.471625;12F;2;F895;4;67;Spring
3761.493736;4103.329718;13F;2;F896;5;67;Spring
2303.758638;2221.241198;14F;2;F897;2;67;Spring
3761.369236;3088.804419;15F;2;F898;6;67;Spring
1894.333611;2420.828823;16F;2;F899;1;67;Spring
3670.677241;3685.185397;17F;2;F900;6;67;Spring
2939.362864;2812.616376;18F;2;F901;4;67;Spring
1284.112727;1477.766577;19F;2;F902;5;67;Spring
1181.254039;1568.19943;20F;2;F903;2;67;Spring
2235.525899;2159.382569;21F;2;F904;6;67;Spring
4077.435769;3014.035994;22F;2;F905;1;67;Spring
3330.599595;3243.753374;23F;2;F906;4;67;Spring
2508.97169;2349.958557;24F;2;F907;5;67;Spring
2793.401789;2825.25899;25F;2;F908;2;67;Spring
1533.117567;1715.194083;26F;2;F909;6;67;Spring
3391.705938;3096.335014;27F;2;F910;3;67;Spring
2661.691794;2667.715201;28F;2;F911;1;67;Spring
3464.160135;3527.46873;29F;2;F912;6;67;Spring
2158.936007;2053.800583;30F;2;F913;4;67;Spring
1264.540394;1191.079508;31F;2;F914;5;67;Spring
2309.148225;2078.915494;32F;2;F915;2;67;Spring
4754.144459;4920.51377;33F;2;F916;1;67;Spring
2288.774212;2213.441826;34F;2;F917;3;67;Spring
893.9940591;576.893855;35F;2;F918;4;67;Spring
2049.236819;1955.135181;37F;2;F920;2;67;Spring
1961.192388;2255.270569;38F;2;F921;3;67;Spring
706.403494;801.1387314;40F;2;F923;1;67;Spring
603.635043;1188.836657;41F;2;F924;3;67;Spring
3209.757341;3704.927102;42F;2;F925;4;67;Spring
2381.531381;2827.823497;43F;2;F926;5;67;Spring
2001.798661;1923.227459;44F;2;F927;6;67;Spring
2557.785377;2629.102188;46F;2;F929;3;67;Spring
1586.353919;1927.986095;47F;2;F930;1;67;Spring
2860.889109;2861.150995;48F;2;F931;6;67;Spring
2568.081959;2920.268907;49F;2;F932;3;67;Spring
1991.886259;1742.690295;50F;2;F933;4;67;Spring
2259.92514;2994.555439;51F;2;F934;5;67;Spring
2553.361885;2741.16093;52F;2;F935;2;67;Spring
1359.791726;1737.595477;53F;2;F936;1;67;Spring
2679.059753;2654.901954;54F;2;F937;6;67;Spring
2637.587422;2828.250386;55F;2;F938;4;67;Spring
1809.077432;2099.718221;56F;2;F939;2;67;Spring
1514.165277;2655.149954;57F;2;F940;6;67;Spring
2632.023946;3106.252504;58F;2;F941;4;67;Spring
1759.481067;1259.501799;59F;2;F942;5;67;Spring
2213.260929;2329.456509;60F;2;F943;2;67;Spring
1591.820024;2332.818173;61F;2;F944;1;67;Spring
1599.640267;1698.749125;62F;2;F945;3;67;Spring
1564.918413;2036.557282;63F;2;F946;1;67;Spring
987.3249332;996.1600843;64F;2;F947;3;67;Spring
2310.334397;2347.702061;65F;2;F948;4;67;Spring
2228.477172;1946.2894;66F;2;F949;2;67;Spring
3402.646;3345.994449;67F;2;F950;6;67;Spring
470.500386;656.5100197;68F;2;F951;1;67;Spring
2804.329061;2997.800563;69F;2;F952;6;67;Spring
1198.113365;1675.497633;70F;2;F953;4;67;Spring
2578.453096;2684.962508;71F;2;F954;5;67;Spring
2340.956917;2863.812291;72F;2;F955;2;67;Spring
1078.764221;1854.082302;73F;2;F956;6;67;Spring
2493.719028;2435.226229;74F;2;F957;3;67;Spring
1838.00512;1694.06242;75F;2;F958;1;67;Spring
3348.042429;3503.49277;76F;2;F959;3;67;Spring
2068.991292;2285.990353;78F;2;F961;4;67;Spring
1861.014271;2504.193416;79F;2;F962;5;67;Spring
2716.424948;2732.41104;80F;2;F963;2;67;Spring
2139.117581;1900.168417;81F;2;F964;6;67;Spring
1596.593548;1601.54512;82F;2;F965;1;67;Spring
2199.241126;2264.400113;83F;2;F966;3;67;Spring
2076.236975;2181.530759;84F;2;F967;4;67;Spring
1287.13048;1304.952588;85F;2;F968;6;67;Spring
3312.509976;2924.137197;86F;2;F969;6;67;Spring
2843.820722;3234.053683;87F;2;F970;2;67;Spring
1366.978643;1644.943416;88F;2;F971;1;67;Spring
2325.704584;2506.4981;89F;2;F972;6;67;Spring
522.1802915;742.8098905;91F;2;F974;5;67;Spring
2779.278337;3439.663932;92F;2;F975;6;67;Spring
2073.297431;2447.36397;93F;2;F976;1;67;Spring
2006.674354;1849.328666;94F;2;F977;6;67;Spring
2527.984606;1780.303528;95F;2;F978;4;67;Spring
2651.407534;2606.803792;96F;2;F979;2;67;Spring
2799.994139;2889.69788;97F;2;F980;6;67;Spring
2921.40158;3014.117467;98F;2;F981;1;67;Spring
3047.546761;3176.714241;99F;2;F982;4;67;Spring
2429.007035;2395.041503;100F;2;F983;5;67;Spring
1498.935421;1779.445193;101F;2;F984;2;67;Spring
1539.066862;1602.600749;102F;2;F985;1;67;Spring
1711.743569;2647.37052;103F;2;F986;6;67;Spring
1743.484569;1936.365549;104F;2;F987;6;67;Spring
3020.334185;2648.735958;105F;2;F988;4;67;Spring
3079.7088;3349.703327;106F;2;F989;5;67;Spring
1079.68187;940.7215882;107F;2;F990;2;67;Spring
2888.404908;2904.662515;108F;2;F991;3;67;Spring
1228.441778;1756.779527;109F;2;F992;6;67;Spring
2463.584355;2197.955142;110F;2;F993;1;67;Spring
2999.237888;2922.673934;111F;2;F994;4;67;Spring
3195.813314;3265.096915;112F;2;F995;5;67;Spring
2544.906074;2586.959685;113F;2;F996;2;67;Spring
2692.327379;2988.362763;114F;2;F997;6;67;Spring
2412.504762;2117.534707;115F;2;F998;1;67;Spring
2015.685056;2077.024255;116F;2;F999;4;67;Spring
4202.903039;4663.227365;117F;3;F1000;5;96;Spring
2427.812786;2493.159135;118F;3;F1001;2;96;Spring
3180.997974;3183.903231;119F;3;F1002;3;96;Spring
2933.171241;2756.920416;120F;3;F1003;1;96;Spring
3734.401225;3736.417982;121F;3;F1004;6;96;Spring
1847.512403;1892.779421;122F;3;F1005;5;96;Spring
2909.576668;2819.839145;123F;3;F1006;6;96;Spring
2765.39179;2716.316254;124F;3;F1007;6;96;Spring
3476.484264;3163.877586;125F;3;F1008;6;96;Spring
3605.091651;3414.90482;126F;3;F1009;3;96;Spring
2838.721445;3055.273451;127F;3;F1010;1;96;Spring
3524.73196;3447.963553;128F;3;F1011;6;96;Spring
2262.922387;2225.483212;129F;3;F1012;4;96;Spring
2544.450644;2507.782488;130F;3;F1013;1;96;Spring
3102.024924;3139.035562;131F;3;F1014;3;96;Spring
2931.1887;2913.360974;132F;3;F1015;4;96;Spring
3145.627074;3149.20331;133F;3;F1016;2;96;Spring
4242.259247;4189.564848;134F;3;F1017;4;96;Spring
2998.778554;3210.06959;135F;3;F1018;5;96;Spring
3142.553987;3070.783449;136F;3;F1019;2;96;Spring
2636.207498;2866.113734;137F;3;F1020;1;96;Spring
3177.259663;3414.681978;138F;3;F1021;4;96;Spring
3626.177189;4136.819818;139F;3;F1022;5;96;Spring
3200.861569;3245.340681;140F;3;F1023;2;96;Spring
3314.826593;3343.612542;141F;3;F1024;1;96;Spring
3833.417719;4038.373143;144F;3;F1027;4;96;Spring
2112.887781;2140.188508;145F;3;F1028;5;96;Spring
3377.043084;3688.951826;146F;3;F1029;2;96;Spring
2469.13178;2469.569911;147F;3;F1030;3;96;Spring
3314.409504;3429.405981;148F;3;F1031;1;96;Spring
5254.715844;5054.029453;149F;3;F1032;4;96;Spring
3242.849384;3497.480733;1H;3;F1033;6;96;Spring
2457.448177;2512.48022;2H;3;F1034;6;96;Spring
2574.653559;2786.076261;3H;3;F1035;6;96;Spring
2952.6388;2986.610396;4H;3;F1036;6;96;Spring
4161.795956;4079.16745;5H;3;F1037;6;96;Spring
2882.967557;2788.014475;6H;3;F1038;6;96;Spring
2386.462919;2729.798351;7H;3;F1039;6;96;Spring
3784.720892;4008.092313;8H;3;F1040;6;96;Spring
3602.325068;3638.424795;9H;3;F1041;6;96;Spring
1969.709871;2055.429476;11H;3;F1043;6;96;Spring
3259.223874;3129.353642;12H;3;F1044;6;96;Spring
3057.974192;3026.305829;13H;3;F1045;6;96;Spring
3565.638238;3806.438921;14H;3;F1046;6;96;Spring
3352.260981;3384.358219;15H;3;F1047;6;96;Spring
4221.846774;4063.778018;16H;3;F1048;6;96;Spring
4010.273382;4047.163277;17H;3;F1049;6;96;Spring
1796.452684;1692.325241;18H;3;F1050;6;96;Spring
4010.343596;3913.618104;19H;3;F1051;6;96;Spring
3536.635188;3682.999718;20H;3;F1052;6;96;Spring
2182.531932;2292.140074;21H;3;F1053;6;96;Spring
3768.047202;3720.216536;22H;3;F1054;6;96;Spring
3382.283156;3191.555927;23H;3;F1055;6;96;Spring
3048.351449;3117.458897;24H;3;F1056;6;96;Spring
2644.973519;2750.019966;25H;3;F1057;6;96;Spring
3188.680228;3293.91448;26H;3;F1058;6;96;Spring
3903.467407;3786.928558;27H;3;F1059;6;96;Spring
3913.653703;3767.282662;28H;3;F1060;6;96;Spring
3483.0606;3606.308838;29H;3;F1061;6;96;Spring
4303.298731;4237.043312;30H;3;F1062;6;96;Spring
3641.81796;3594.430706;31H;3;F1063;6;96;Spring
2592.203344;2659.364785;32H;3;F1064;6;96;Spring
4129.864079;4104.942517;33H;3;F1065;6;96;Spring
2695.393294;2757.694779;34H;3;F1066;6;96;Spring
2386.313285;2743.03254;35H;3;F1067;6;96;Spring
2764.149051;2786.558127;36H;3;F1068;6;96;Spring
3909.365787;4457.503739;1F;3;F884;4;96;Spring
2921.199202;2820.830991;2F;3;F885;5;96;Spring
2553.001326;2767.977711;3F;3;F886;2;96;Spring
3590.94976;3661.94125;4F;3;F887;1;96;Spring
3191.039529;3369.380016;5F;3;F888;3;96;Spring
2268.390049;2618.682278;6F;3;F889;6;96;Spring
2684.606815;2670.100981;7F;3;F890;5;96;Spring
3278.031573;3131.955009;8F;3;F891;2;96;Spring
4797.2987;4632.01511;9F;3;F892;3;96;Spring
3182.845037;3066.393981;10F;3;F893;1;96;Spring
3843.21647;3913.51263;11F;3;F894;3;96;Spring
3720.522199;3363.147164;12F;3;F895;4;96;Spring
5857.886037;5728.411876;13F;3;F896;5;96;Spring
3133.716005;3259.097045;14F;3;F897;2;96;Spring
4421.827482;4171.884141;15F;3;F898;6;96;Spring
3592.631794;3618.488806;16F;3;F899;1;96;Spring
3855.759143;3888.261008;17F;3;F900;6;96;Spring
3747.126383;3687.314364;18F;3;F901;4;96;Spring
1821.815041;1771.296308;19F;3;F902;5;96;Spring
2151.958892;2406.748847;20F;3;F903;2;96;Spring
2765.146156;2689.277182;21F;3;F904;6;96;Spring
3296.416167;3012.418258;22F;3;F905;1;96;Spring
4309.083646;4424.46981;23F;3;F906;4;96;Spring
3111.515612;3035.893534;24F;3;F907;5;96;Spring
3843.260944;3794.921984;25F;3;F908;2;96;Spring
2438.067118;2422.971262;26F;3;F909;6;96;Spring
3204.570937;2940.3218;27F;3;F910;3;96;Spring
2920.774412;3029.655531;28F;3;F911;1;96;Spring
4431.937465;4470.344286;29F;3;F912;6;96;Spring
2493.198245;2715.359231;30F;3;F913;4;96;Spring
1613.470469;1559.225963;31F;3;F914;5;96;Spring
2959.986748;2898.642174;32F;3;F915;2;96;Spring
3643.678933;3746.653851;33F;3;F916;1;96;Spring
2014.376588;2127.271197;34F;3;F917;3;96;Spring
2111.049738;2163.174647;35F;3;F918;4;96;Spring
2994.244681;2997.052774;37F;3;F920;2;96;Spring
2152.583941;2553.589871;38F;3;F921;3;96;Spring
1395.22809;1385.506096;40F;3;F923;1;96;Spring
2183.880654;2191.339276;41F;3;F924;3;96;Spring
4861.838846;4967.32975;42F;3;F925;4;96;Spring
3270.972176;3326.567933;43F;3;F926;5;96;Spring
3007.247523;3021.813778;44F;3;F927;6;96;Spring
4086.593007;3952.66371;46F;3;F929;3;96;Spring
2563.662918;2742.881689;47F;3;F930;1;96;Spring
2544.503283;2609.576354;48F;3;F931;6;96;Spring
3509.469427;3582.689231;49F;3;F932;3;96;Spring
2637.450466;2770.348392;50F;3;F933;4;96;Spring
2948.819452;3259.146171;51F;3;F934;5;96;Spring
3423.750723;3373.477928;52F;3;F935;2;96;Spring
2340.63049;2405.097899;53F;3;F936;1;96;Spring
3649.948674;3592.29528;54F;3;F937;6;96;Spring
3491.593852;3607.907193;55F;3;F938;4;96;Spring
2718.603616;2829.625512;56F;3;F939;2;96;Spring
2861.863066;3128.443409;57F;3;F940;6;96;Spring
3552.284801;3757.996417;58F;3;F941;4;96;Spring
2104.270849;2108.638777;59F;3;F942;5;96;Spring
3022.028822;3251.211945;60F;3;F943;2;96;Spring
2824.332628;3093.179309;61F;3;F944;1;96;Spring
2106.200396;2108.939531;62F;3;F945;3;96;Spring
2093.770046;2131.131242;63F;3;F946;1;96;Spring
2185.381939;2010.422843;64F;3;F947;3;96;Spring
2958.264974;2968.580164;65F;3;F948;4;96;Spring
3234.088687;3158.822659;66F;3;F949;2;96;Spring
3108.15048;3064.252792;67F;3;F950;6;96;Spring
2093.809333;2140.242319;68F;3;F951;1;96;Spring
3100.468421;3087.002354;69F;3;F952;6;96;Spring
2691.989337;2913.486656;70F;3;F953;4;96;Spring
3477.179835;3405.005666;71F;3;F954;5;96;Spring
2656.285354;2918.206467;72F;3;F955;2;96;Spring
2408.628817;2549.312317;73F;3;F956;6;96;Spring
2471.997767;2745.817226;74F;3;F957;3;96;Spring
2495.349235;2465.333043;75F;3;F958;1;96;Spring
4151.919545;4333.289897;76F;3;F959;3;96;Spring
2620.277952;2909.05964;78F;3;F961;4;96;Spring
4037.053365;4091.716013;79F;3;F962;5;96;Spring
3461.559942;3307.205269;80F;3;F963;2;96;Spring
2551.010841;2526.815641;81F;3;F964;6;96;Spring
2652.003848;2607.52493;82F;3;F965;1;96;Spring
3575.285841;3685.711771;83F;3;F966;3;96;Spring
3838.998176;3797.58333;84F;3;F967;4;96;Spring
1892.628582;2021.693716;85F;3;F968;6;96;Spring
3147.351409;3097.684868;86F;3;F969;6;96;Spring
3352.183872;3525.760934;87F;3;F970;2;96;Spring
2281.275083;2563.435165;88F;3;F971;1;96;Spring
2738.343123;2878.32497;89F;3;F972;6;96;Spring
2010.264503;2079.416225;91F;3;F974;5;96;Spring
3863.072485;4246.855842;92F;3;F975;6;96;Spring
3631.758144;3546.408102;93F;3;F976;1;96;Spring
4043.912241;4225.606237;94F;3;F977;6;96;Spring
3101.535665;3122.61872;95F;3;F978;4;96;Spring
2998.880027;3067.242798;96F;3;F979;2;96;Spring
3465.240708;3585.226848;97F;3;F980;6;96;Spring
3507.876188;3513.820888;98F;3;F981;1;96;Spring
4300.160068;4207.179036;99F;3;F982;4;96;Spring
2641.642866;2757.229954;100F;3;F983;5;96;Spring
1754.17936;1916.885127;101F;3;F984;2;96;Spring
2752.043104;2710.683493;102F;3;F985;1;96;Spring
2820.496821;3157.426975;103F;3;F986;6;96;Spring
2626.466644;2647.450123;104F;3;F987;6;96;Spring
3798.10637;3634.314192;105F;3;F988;4;96;Spring
4462.123065;4326.954625;106F;3;F989;5;96;Spring
2163.589365;2308.857977;107F;3;F990;2;96;Spring
3169.066114;3101.46741;108F;3;F991;3;96;Spring
2041.641971;2584.86435;109F;3;F992;6;96;Spring
3294.019206;3325.524593;110F;3;F993;1;96;Spring
4268.751989;4120.719439;111F;3;F994;4;96;Spring
3327.53106;3430.955156;112F;3;F995;5;96;Spring
2666.301531;2676.11234;113F;3;F996;2;96;Spring
3490.535597;3538.589988;114F;3;F997;6;96;Spring
2774.234108;2856.286753;115F;3;F998;1;96;Spring
2771.202293;2906.234793;116F;3;F999;4;96;Spring
2469.43447;3373.49412;117F;4;F1000;5;123;Summer
3333.11387;3239.906351;118F;4;F1001;2;123;Summer
2178.87388;2284.139578;119F;4;F1002;3;123;Summer
2171.22477;2279.589711;120F;4;F1003;1;123;Summer
3018.587124;3013.200395;121F;4;F1004;6;123;Summer
2231.201172;2288.349597;122F;4;F1005;5;123;Summer
2686.079115;2835.772922;123F;4;F1006;6;123;Summer
2454.177671;2533.83398;124F;4;F1007;6;123;Summer
3467.424823;3179.824181;125F;4;F1008;6;123;Summer
2588.579448;2896.813806;126F;4;F1009;3;123;Summer
2250.550396;2347.898665;127F;4;F1010;1;123;Summer
2948.7653;3490.610036;128F;4;F1011;6;123;Summer
2153.38905;2184.6908;129F;4;F1012;4;123;Summer
2585.723979;2720.051856;130F;4;F1013;1;123;Summer
2667.015104;2828.919537;131F;4;F1014;3;123;Summer
2692.440746;2582.311438;132F;4;F1015;4;123;Summer
3260.39469;3439.759356;133F;4;F1016;2;123;Summer
3871.784054;3826.783548;134F;4;F1017;4;123;Summer
2358.274394;2522.698991;135F;4;F1018;5;123;Summer
2432.432408;2714.870567;136F;4;F1019;2;123;Summer
2534.069433;2992.355667;137F;4;F1020;1;123;Summer
3602.617926;3614.428011;138F;4;F1021;4;123;Summer
2993.794624;3209.85305;139F;4;F1022;5;123;Summer
2727.851927;3010.550047;140F;4;F1023;2;123;Summer
2313.647848;2709.091493;141F;4;F1024;1;123;Summer
3563.848419;3744.019233;144F;4;F1027;4;123;Summer
2213.56564;2327.390697;145F;4;F1028;5;123;Summer
2379.401553;2831.08834;146F;4;F1029;2;123;Summer
1498.102891;1505.305305;147F;4;F1030;3;123;Summer
1842.550235;2245.616393;148F;4;F1031;1;123;Summer
4074.525414;4318.418814;149F;4;F1032;4;123;Summer
2653.95662;3023.926783;1H;4;F1033;6;123;Summer
1648.872921;1806.594477;2H;4;F1034;6;123;Summer
3164.312806;3153.914589;3H;4;F1035;6;123;Summer
2583.872836;2449.018963;4H;4;F1036;6;123;Summer
3367.596588;3414.107129;5H;4;F1037;6;123;Summer
2465.306351;2659.570123;6H;4;F1038;6;123;Summer
1803.300559;2274.119393;7H;4;F1039;6;123;Summer
3069.159112;3188.853481;8H;4;F1040;6;123;Summer
2962.811302;3158.524234;9H;4;F1041;6;123;Summer
1667.038051;1956.905833;11H;4;F1043;6;123;Summer
3327.070213;3485.641186;12H;4;F1044;6;123;Summer
1994.99171;2168.437627;13H;4;F1045;6;123;Summer
3155.444112;3280.406658;14H;4;F1046;6;123;Summer
2858.561651;2980.437758;15H;4;F1047;6;123;Summer
2978.260733;2959.467612;16H;4;F1048;6;123;Summer
3046.925248;3224.413453;17H;4;F1049;6;123;Summer
1750.763574;1541.656387;18H;4;F1050;6;123;Summer
2653.300585;2684.785767;19H;4;F1051;6;123;Summer
3112.343363;3467.668171;20H;4;F1052;6;123;Summer
1781.472921;1897.50831;21H;4;F1053;6;123;Summer
2898.656912;3047.302735;22H;4;F1054;6;123;Summer
2558.287712;2616.191004;23H;4;F1055;6;123;Summer
2601.992332;2791.868317;24H;4;F1056;6;123;Summer
2910.839618;3164.649239;25H;4;F1057;6;123;Summer
2710.472261;2882.588809;26H;4;F1058;6;123;Summer
2945.368375;3291.816903;27H;4;F1059;6;123;Summer
3163.114375;3577.870426;28H;4;F1060;6;123;Summer
2547.437303;3053.543321;29H;4;F1061;6;123;Summer
3895.632396;4176.057786;30H;4;F1062;6;123;Summer
3366.634996;3360.62742;31H;4;F1063;6;123;Summer
1757.683702;2127.983317;32H;4;F1064;6;123;Summer
3328.978046;3357.638069;33H;4;F1065;6;123;Summer
2260.23896;2298.809037;34H;4;F1066;6;123;Summer
1893.359826;2568.708747;35H;4;F1067;6;123;Summer
2304.224283;2414.044413;36H;4;F1068;6;123;Summer
2340.345591;3339.124671;1F;4;F884;4;123;Summer
2292.465209;2325.582758;2F;4;F885;5;123;Summer
1944.98235;2091.110587;3F;4;F886;2;123;Summer
2299.503549;2694.031256;4F;4;F887;1;123;Summer
2564.662305;2708.457457;5F;4;F888;3;123;Summer
1349.980175;1878.228922;6F;4;F889;6;123;Summer
1503.545755;1691.741105;7F;4;F890;5;123;Summer
2491.27644;2484.126973;8F;4;F891;2;123;Summer
3084.807298;3450.281477;9F;4;F892;3;123;Summer
2491.293462;2424.052791;10F;4;F893;1;123;Summer
2388.742295;2732.423361;11F;4;F894;3;123;Summer
4271.458147;4312.349764;12F;4;F895;4;123;Summer
3947.116369;3756.463958;13F;4;F896;5;123;Summer
2999.18464;3037.910641;14F;4;F897;2;123;Summer
3047.954122;3037.222543;15F;4;F898;6;123;Summer
3052.989059;3256.530004;16F;4;F899;1;123;Summer
3614.607571;3904.983276;17F;4;F900;6;123;Summer
2956.234405;3122.842422;18F;4;F901;4;123;Summer
2253.218116;2500.352268;19F;4;F902;5;123;Summer
2683.646137;2876.942894;20F;4;F903;2;123;Summer
1719.580049;1880.917441;21F;4;F904;6;123;Summer
2514.875394;2577.155408;22F;4;F905;1;123;Summer
3666.262048;3717.673571;23F;4;F906;4;123;Summer
2867.64423;3043.522521;24F;4;F907;5;123;Summer
3515.235298;3745.334837;25F;4;F908;2;123;Summer
1971.946982;2387.195374;26F;4;F909;6;123;Summer
2235.978354;2384.809658;27F;4;F910;3;123;Summer
3089.95058;3229.171141;28F;4;F911;1;123;Summer
4232.231557;3922.243482;29F;4;F912;6;123;Summer
1949.945006;2178.841739;30F;4;F913;4;123;Summer
2218.530761;2025.334082;31F;4;F914;5;123;Summer
2324.477828;2460.94148;32F;4;F915;2;123;Summer
4192.62853;4374.043636;33F;4;F916;1;123;Summer
2081.562152;2318.940933;34F;4;F917;3;123;Summer
2014.477864;2502.237733;35F;4;F918;4;123;Summer
2210.338933;2425.605595;37F;4;F920;2;123;Summer
1370.327843;2231.724273;38F;4;F921;3;123;Summer
1293.910412;1452.543845;40F;4;F923;1;123;Summer
864.6666629;1311.997829;41F;4;F924;3;123;Summer
4123.412107;4427.754463;42F;4;F925;4;123;Summer
3516.910192;3590.774066;43F;4;F926;5;123;Summer
2403.737563;2605.39088;44F;4;F927;6;123;Summer
3375.680327;3650.754495;46F;4;F929;3;123;Summer
2270.629639;2783.634839;47F;4;F930;1;123;Summer
2260.847309;2356.502747;48F;4;F931;6;123;Summer
2559.511455;2961.616063;49F;4;F932;3;123;Summer
1611.614255;1974.243674;50F;4;F933;4;123;Summer
2322.959906;2688.576805;51F;4;F934;5;123;Summer
2900.96898;3283.308182;52F;4;F935;2;123;Summer
2334.181737;2544.803827;53F;4;F936;1;123;Summer
3074.886207;3054.498276;54F;4;F937;6;123;Summer
2489.796275;2882.725203;55F;4;F938;4;123;Summer
2183.230488;2595.989042;56F;4;F939;2;123;Summer
3050.848959;2959.192897;57F;4;F940;6;123;Summer
3120.9276;3384.127884;58F;4;F941;4;123;Summer
1793.306745;1797.998514;59F;4;F942;5;123;Summer
1919.70141;2455.730266;60F;4;F943;2;123;Summer
2538.220228;2627.493509;61F;4;F944;1;123;Summer
1669.395061;1896.951452;62F;4;F945;3;123;Summer
1730.156365;1872.828371;63F;4;F946;1;123;Summer
1951.657441;2222.967077;64F;4;F947;3;123;Summer
3226.559077;3158.017646;65F;4;F948;4;123;Summer
3000.323707;3129.139143;66F;4;F949;2;123;Summer
2950.564294;2981.703724;67F;4;F950;6;123;Summer
1237.461038;1615.743273;68F;4;F951;1;123;Summer
2522.128153;2824.646895;69F;4;F952;6;123;Summer
2282.169776;2469.064261;70F;4;F953;4;123;Summer
3007.751837;3083.020428;71F;4;F954;5;123;Summer
2032.69524;2566.52116;72F;4;F955;2;123;Summer
2170.002429;2774.024279;73F;4;F956;6;123;Summer
2028.583809;2115.417803;74F;4;F957;3;123;Summer
2071.074139;2170.028994;75F;4;F958;1;123;Summer
4256.289533;4347.677469;76F;4;F959;3;123;Summer
2365.652473;2970.028265;78F;4;F961;4;123;Summer
5177.525541;5487.690127;79F;4;F962;5;123;Summer
2870.918657;3084.79113;80F;4;F963;2;123;Summer
2153.00756;2422.173976;81F;4;F964;6;123;Summer
2425.683421;2320.384707;82F;4;F965;1;123;Summer
3241.735033;3499.196303;83F;4;F966;3;123;Summer
3473.852233;3638.725401;84F;4;F967;4;123;Summer
2395.73056;2639.355192;85F;4;F968;6;123;Summer
2753.040758;2543.421213;86F;4;F969;6;123;Summer
2498.15746;2759.18304;87F;4;F970;2;123;Summer
1198.039233;1870.731508;88F;4;F971;1;123;Summer
2707.441303;2721.74263;89F;4;F972;6;123;Summer
1457.881926;1615.835207;91F;4;F974;5;123;Summer
2901.954117;3339.361283;92F;4;F975;6;123;Summer
2366.236245;2502.911364;93F;4;F976;1;123;Summer
3515.821958;3733.862742;94F;4;F977;6;123;Summer
2659.898348;2588.231843;95F;4;F978;4;123;Summer
2154.055511;2386.587619;96F;4;F979;2;123;Summer
3103.797441;3162.84118;97F;4;F980;6;123;Summer
2986.063899;3035.529991;98F;4;F981;1;123;Summer
3045.254241;3324.877694;99F;4;F982;4;123;Summer
2033.505685;2078.709257;100F;4;F983;5;123;Summer
1606.61727;2087.52782;101F;4;F984;2;123;Summer
1659.845064;2148.682349;102F;4;F985;1;123;Summer
3218.705757;3615.137618;103F;4;F986;6;123;Summer
1707.408708;2148.838133;104F;4;F987;6;123;Summer
2842.444541;2807.739992;105F;4;F988;4;123;Summer
2914.775924;2897.853534;106F;4;F989;5;123;Summer
1501.058886;1882.195125;107F;4;F990;2;123;Summer
3131.683744;2961.03106;108F;4;F991;3;123;Summer
1737.939948;2489.762463;109F;4;F992;6;123;Summer
2770.044244;2826.188794;110F;4;F993;1;123;Summer
4085.438548;4299.794995;111F;4;F994;4;123;Summer
2650.871599;2246.298685;112F;4;F995;5;123;Summer
2476.28768;2735.252143;113F;4;F996;2;123;Summer
3981.380151;4293.307485;114F;4;F997;6;123;Summer
2328.327934;2370.04222;115F;4;F998;1;123;Summer
2286.577791;2497.780253;116F;4;F999;4;123;Summer
1077.332669;1463.391273;117F;5;F1000;5;154;Summer
1445.157507;1369.585109;118F;5;F1001;2;154;Summer
1732.782799;1774.652297;119F;5;F1002;3;154;Summer
1114.43364;825.3719762;120F;5;F1003;1;154;Summer
2198.734597;1932.767611;121F;5;F1004;6;154;Summer
1016.491332;1115.784664;122F;5;F1005;5;154;Summer
1732.412474;1668.192434;123F;5;F1006;6;154;Summer
1420.320337;1434.792817;124F;5;F1007;6;154;Summer
2153.944182;1751.928033;125F;5;F1008;6;154;Summer
1232.751389;1247.301096;126F;5;F1009;3;154;Summer
1157.132547;1123.944698;127F;5;F1010;1;154;Summer
2175.077902;1914.472927;128F;5;F1011;6;154;Summer
927.947042;825.9015824;129F;5;F1012;4;154;Summer
1649.735192;1392.701366;130F;5;F1013;1;154;Summer
1564.582422;1612.73256;131F;5;F1014;3;154;Summer
1142.387886;1180.86056;132F;5;F1015;4;154;Summer
1436.141053;1259.910235;133F;5;F1016;2;154;Summer
1977.685464;2100.289352;134F;5;F1017;4;154;Summer
986.8253381;1098.324235;135F;5;F1018;5;154;Summer
1109.153455;1074.297863;136F;5;F1019;2;154;Summer
1299.558356;1376.23503;137F;5;F1020;1;154;Summer
2189.935285;2081.450351;138F;5;F1021;4;154;Summer
1909.844254;2185.3532;139F;5;F1022;5;154;Summer
1527.742087;1493.073997;140F;5;F1023;2;154;Summer
1637.972738;1748.550978;141F;5;F1024;1;154;Summer
2194.206589;2068.117498;144F;5;F1027;4;154;Summer
1110.366869;1113.486576;145F;5;F1028;5;154;Summer
969.6779146;1136.171547;146F;5;F1029;2;154;Summer
486.1233675;283.2311954;147F;5;F1030;3;154;Summer
667.7290199;886.4178338;148F;5;F1031;1;154;Summer
2210.579708;2199.575741;149F;5;F1032;4;154;Summer
1131.485477;1331.758472;1H;5;F1033;6;154;Summer
771.0083708;741.7196437;2H;5;F1034;6;154;Summer
1571.863186;1547.246946;3H;5;F1035;6;154;Summer
1324.487341;1305.615543;4H;5;F1036;6;154;Summer
2635.474459;2298.527807;5H;5;F1037;6;154;Summer
1137.737311;1211.356036;6H;5;F1038;6;154;Summer
525.9163804;690.1869216;7H;5;F1039;6;154;Summer
2174.385683;2101.523517;8H;5;F1040;6;154;Summer
1843.534077;1799.468117;9H;5;F1041;6;154;Summer
867.048601;778.0726209;11H;5;F1043;6;154;Summer
1957.80449;1936.982535;12H;5;F1044;6;154;Summer
1371.421028;1323.123324;13H;5;F1045;6;154;Summer
1708.775306;1740.720571;14H;5;F1046;6;154;Summer
1924.287325;1857.168092;15H;5;F1047;6;154;Summer
1254.227516;1111.687727;16H;5;F1048;6;154;Summer
1696.667948;1636.394077;17H;5;F1049;6;154;Summer
553.9863973;385.9202353;18H;5;F1050;6;154;Summer
1269.247421;1249.744151;19H;5;F1051;6;154;Summer
1548.744122;1575.882231;20H;5;F1052;6;154;Summer
962.4628442;1063.037427;21H;5;F1053;6;154;Summer
1018.30709;824.5748061;22H;5;F1054;6;154;Summer
1661.826201;1410.077425;23H;5;F1055;6;154;Summer
1770.309971;1709.279409;24H;5;F1056;6;154;Summer
1012.437686;1090.559384;25H;5;F1057;6;154;Summer
1208.339158;964.2740217;26H;5;F1058;6;154;Summer
1382.438304;1299.233297;27H;5;F1059;6;154;Summer
1947.693793;1793.615413;28H;5;F1060;6;154;Summer
1875.904328;1735.03112;29H;5;F1061;6;154;Summer
2421.888432;2463.124075;30H;5;F1062;6;154;Summer
2013.621589;1888.388806;31H;5;F1063;6;154;Summer
874.5292895;984.7218459;32H;5;F1064;6;154;Summer
2757.448212;2404.25142;33H;5;F1065;6;154;Summer
1174.552674;1088.282445;34H;5;F1066;6;154;Summer
1199.107822;1429.5104;35H;5;F1067;6;154;Summer
1677.377998;1679.573621;36H;5;F1068;6;154;Summer
1443.017686;1528.655481;1F;5;F884;4;154;Summer
1509.008921;1392.76598;2F;5;F885;5;154;Summer
1271.220722;1255.423651;3F;5;F886;2;154;Summer
1474.46903;1483.514088;4F;5;F887;1;154;Summer
1537.86735;1403.795247;5F;5;F888;3;154;Summer
696.6490332;975.7379609;6F;5;F889;6;154;Summer
920.677397;479.0623477;7F;5;F890;5;154;Summer
1357.296795;1267.91609;8F;5;F891;2;154;Summer
2495.702645;2307.173583;9F;5;F892;3;154;Summer
1221.042006;1143.626056;10F;5;F893;1;154;Summer
851.2846948;930.0779717;11F;5;F894;3;154;Summer
2110.292579;2109.547978;12F;5;F895;4;154;Summer
2363.851109;2193.458713;13F;5;F896;5;154;Summer
1788.8132;1786.439081;14F;5;F897;2;154;Summer
2619.15896;2287.803261;15F;5;F898;6;154;Summer
1554.097769;1566.18631;16F;5;F899;1;154;Summer
1551.675053;1692.328844;17F;5;F900;6;154;Summer
1630.578899;1759.363127;18F;5;F901;4;154;Summer
736.9714373;933.2444485;19F;5;F902;5;154;Summer
1520.863684;1544.501532;20F;5;F903;2;154;Summer
1313.414429;1028.642312;21F;5;F904;6;154;Summer
1814.167608;1723.05144;22F;5;F905;1;154;Summer
2294.687879;2267.704561;23F;5;F906;4;154;Summer
1230.427383;1340.378925;24F;5;F907;5;154;Summer
1471.640166;1387.47137;25F;5;F908;2;154;Summer
1447.20015;1472.18306;26F;5;F909;6;154;Summer
1165.093292;1011.957654;27F;5;F910;3;154;Summer
1360.553117;1508.524605;28F;5;F911;1;154;Summer
1623.128024;1654.126667;29F;5;F912;6;154;Summer
1627.552435;1559.038704;30F;5;F913;4;154;Summer
836.7657201;611.3648143;31F;5;F914;5;154;Summer
1242.906684;1411.895897;32F;5;F915;2;154;Summer
1747.128925;1984.170934;33F;5;F916;1;154;Summer
940.5770428;914.1944994;34F;5;F917;3;154;Summer
1288.054186;1268.111987;35F;5;F918;4;154;Summer
1213.283649;1511.37064;37F;5;F920;2;154;Summer
817.8697504;992.4840416;38F;5;F921;3;154;Summer
773.3606066;667.6906857;40F;5;F923;1;154;Summer
748.6782528;754.9198381;41F;5;F924;3;154;Summer
2631.127507;2698.778212;42F;5;F925;4;154;Summer
1504.765653;1682.484473;43F;5;F926;5;154;Summer
1100.374236;1017.092973;44F;5;F927;6;154;Summer
1891.514075;1927.245843;46F;5;F929;3;154;Summer
565.4473123;699.7689846;47F;5;F930;1;154;Summer
1185.908409;1029.124228;48F;5;F931;6;154;Summer
1170.537729;1151.772938;49F;5;F932;3;154;Summer
1156.933744;1093.993521;50F;5;F933;4;154;Summer
1209.022409;1543.548334;51F;5;F934;5;154;Summer
1452.436993;1553.556291;52F;5;F935;2;154;Summer
826.0730948;604.0795768;53F;5;F936;1;154;Summer
1528.075619;1261.919686;54F;5;F937;6;154;Summer
1454.685329;1654.52402;55F;5;F938;4;154;Summer
1106.561496;1004.412226;56F;5;F939;2;154;Summer
1849.310696;2030.77627;57F;5;F940;6;154;Summer
1036.433768;1285.862475;58F;5;F941;4;154;Summer
1059.382384;1095.071322;59F;5;F942;5;154;Summer
1307.354683;1513.994767;60F;5;F943;2;154;Summer
674.6551844;1036.342032;61F;5;F944;1;154;Summer
1080.013691;1222.518038;62F;5;F945;3;154;Summer
580.4154773;788.5608634;63F;5;F946;1;154;Summer
1795.69586;1470.970341;64F;5;F947;3;154;Summer
1906.192088;1573.244809;65F;5;F948;4;154;Summer
1808.609971;1729.069758;66F;5;F949;2;154;Summer
1556.058889;1552.420713;67F;5;F950;6;154;Summer
109.2404657;43.18242555;68F;5;F951;1;154;Summer
1085.620931;938.0694487;69F;5;F952;6;154;Summer
1290.867123;1431.765302;70F;5;F953;4;154;Summer
1734.523095;1937.028978;71F;5;F954;5;154;Summer
827.856949;883.0580975;72F;5;F955;2;154;Summer
287.7468878;632.818512;73F;5;F956;6;154;Summer
1693.936411;1513.968175;74F;5;F957;3;154;Summer
1564.440662;1303.693885;75F;5;F958;1;154;Summer
2106.700759;2058.081156;76F;5;F959;3;154;Summer
1393.57029;1494.697581;78F;5;F961;4;154;Summer
1319.337442;1573.914201;79F;5;F962;5;154;Summer
2016.285308;1954.751966;80F;5;F963;2;154;Summer
1472.812953;1372.502509;81F;5;F964;6;154;Summer
1730.524342;1318.269182;82F;5;F965;1;154;Summer
1893.641039;1779.744626;83F;5;F966;3;154;Summer
2278.277815;2223.104246;84F;5;F967;4;154;Summer
510.7849474;641.2361747;85F;5;F968;6;154;Summer
1694.295697;1544.569478;86F;5;F969;6;154;Summer
1538.226501;1495.329613;87F;5;F970;2;154;Summer
454.4622657;751.4015666;88F;5;F971;1;154;Summer
1254.767451;1504.344383;89F;5;F972;6;154;Summer
395.2789707;721.320402;91F;5;F974;5;154;Summer
1075.048934;1133.041525;92F;5;F975;6;154;Summer
1831.876196;1679.984663;93F;5;F976;1;154;Summer
1767.155508;1695.439334;94F;5;F977;6;154;Summer
1889.141628;1828.60189;95F;5;F978;4;154;Summer
1307.237246;1227.403947;96F;5;F979;2;154;Summer
1435.004763;1549.526506;97F;5;F980;6;154;Summer
1695.703166;1469.020435;98F;5;F981;1;154;Summer
1561.107387;1591.761917;99F;5;F982;4;154;Summer
597.899368;939.8038101;100F;5;F983;5;154;Summer
525.2389489;721.7059229;101F;5;F984;2;154;Summer
1047.867027;1292.560827;102F;5;F985;1;154;Summer
1648.182613;2009.507497;103F;5;F986;6;154;Summer
1112.489264;1010.039013;104F;5;F987;6;154;Summer
1604.402963;1292.487418;105F;5;F988;4;154;Summer
1808.174001;1624.745576;106F;5;F989;5;154;Summer
986.7292036;865.7757855;107F;5;F990;2;154;Summer
1895.997934;1501.121367;108F;5;F991;3;154;Summer
628.9263179;1095.120679;109F;5;F992;6;154;Summer
820.6227065;1048.42629;110F;5;F993;1;154;Summer
2068.476656;1972.033508;111F;5;F994;4;154;Summer
1963.558021;1470.67555;112F;5;F995;5;154;Summer
1398.799157;1454.353601;113F;5;F996;2;154;Summer
2244.049936;2493.236665;114F;5;F997;6;154;Summer
1620.995291;1714.529834;115F;5;F998;1;154;Summer
969.5300935;1103.641715;116F;5;F999;4;154;Summer
856.2297584;1080.155292;117F;6;F1000;5;198;Fall
1909.167685;1889.922259;118F;6;F1001;2;198;Fall
372.9266616;486.9350567;119F;6;F1002;3;198;Fall
837.8892242;592.3887059;120F;6;F1003;1;198;Fall
1702.589978;1517.635923;121F;6;F1004;6;198;Fall
403.100629;604.012205;122F;6;F1005;5;198;Fall
874.8985648;861.7499921;123F;6;F1006;6;198;Fall
1022.056928;1017.40502;124F;6;F1007;6;198;Fall
1134.870966;828.6231106;125F;6;F1008;6;198;Fall
976.9672207;759.419123;126F;6;F1009;3;198;Fall
952.161856;964.4850141;127F;6;F1010;1;198;Fall
1408.126652;1266.063382;128F;6;F1011;6;198;Fall
1299.412974;1277.584938;129F;6;F1012;4;198;Fall
2206.14943;2041.856245;130F;6;F1013;1;198;Fall
997.7966284;1215.542875;131F;6;F1014;3;198;Fall
769.1995051;1029.343196;132F;6;F1015;4;198;Fall
1056.497439;1070.977458;133F;6;F1016;2;198;Fall
1535.599207;1712.39986;134F;6;F1017;4;198;Fall
575.6827478;891.2282866;135F;6;F1018;5;198;Fall
678.4343886;808.7606891;136F;6;F1019;2;198;Fall
1734.49087;1769.829681;137F;6;F1020;1;198;Fall
1609.945122;1545.683803;138F;6;F1021;4;198;Fall
453.7888635;828.080093;139F;6;F1022;5;198;Fall
1437.694939;1450.001235;140F;6;F1023;2;198;Fall
1297.270933;1338.564914;141F;6;F1024;1;198;Fall
1711.500483;1666.622184;144F;6;F1027;4;198;Fall
746.024516;913.2402364;145F;6;F1028;5;198;Fall
593.7588716;837.9026925;146F;6;F1029;2;198;Fall
82.81394555;137.3780588;147F;6;F1030;3;198;Fall
455.9439681;691.3890006;148F;6;F1031;1;198;Fall
1754.959052;1777.853843;149F;6;F1032;4;198;Fall
586.792464;773.6632539;1H;6;F1033;6;198;Fall
735.4785049;905.1301093;2H;6;F1034;6;198;Fall
1289.756619;1152.772137;3H;6;F1035;6;198;Fall
921.9035436;1151.363021;4H;6;F1036;6;198;Fall
1153.268905;1017.092691;5H;6;F1037;6;198;Fall
721.9277214;818.1315513;6H;6;F1038;6;198;Fall
612.1462151;774.3613193;7H;6;F1039;6;198;Fall
1600.86519;1620.628315;8H;6;F1040;6;198;Fall
1831.606431;1737.98793;9H;6;F1041;6;198;Fall
568.1184973;686.0720256;11H;6;F1043;6;198;Fall
1404.224868;1085.578867;12H;6;F1044;6;198;Fall
1024.543351;1069.978985;13H;6;F1045;6;198;Fall
677.9667395;781.8888022;14H;6;F1046;6;198;Fall
1437.967729;1466.090305;15H;6;F1047;6;198;Fall
1038.554205;808.7620782;16H;6;F1048;6;198;Fall
653.7875427;650.9766063;17H;6;F1049;6;198;Fall
429.9584054;359.9244435;18H;6;F1050;6;198;Fall
334.4343099;483.4012114;19H;6;F1051;6;198;Fall
1261.669211;1238.785724;20H;6;F1052;6;198;Fall
277.1341194;533.7934953;21H;6;F1053;6;198;Fall
667.7450856;532.2241184;22H;6;F1054;6;198;Fall
1575.662057;1326.5897;23H;6;F1055;6;198;Fall
1634.817646;1560.921464;24H;6;F1056;6;198;Fall
630.1432481;791.093112;25H;6;F1057;6;198;Fall
1332.639429;1222.117428;26H;6;F1058;6;198;Fall
978.3435696;796.6888213;27H;6;F1059;6;198;Fall
1786.165225;1617.465239;28H;6;F1060;6;198;Fall
980.4599457;882.5649758;29H;6;F1061;6;198;Fall
2445.813711;2403.785702;30H;6;F1062;6;198;Fall
1558.603824;1417.945019;31H;6;F1063;6;198;Fall
448.7711042;723.2682393;32H;6;F1064;6;198;Fall
1608.935438;1326.789389;33H;6;F1065;6;198;Fall
572.3414646;656.0448798;34H;6;F1066;6;198;Fall
352.4384204;680.243434;35H;6;F1067;6;198;Fall
1750.464869;1939.315592;36H;6;F1068;6;198;Fall
1178.426574;1335.151753;1F;6;F884;4;198;Fall
902.3304922;733.8025687;2F;6;F885;5;198;Fall
348.5743923;523.6536738;3F;6;F886;2;198;Fall
1071.810811;1184.816462;4F;6;F887;1;198;Fall
1143.223122;1148.260746;5F;6;F888;3;198;Fall
209.3785972;454.9946048;6F;6;F889;6;198;Fall
475.182138;151.2181085;7F;6;F890;5;198;Fall
902.1089791;1044.789075;8F;6;F891;2;198;Fall
1225.534375;1023.607589;9F;6;F892;3;198;Fall
489.1817877;668.3759492;10F;6;F893;1;198;Fall
498.5377529;547.4211677;11F;6;F894;3;198;Fall
1333.56161;1174.047136;12F;6;F895;4;198;Fall
2157.49104;2221.117357;13F;6;F896;5;198;Fall
849.619654;838.1299416;14F;6;F897;2;198;Fall
2507.315736;2221.248804;15F;6;F898;6;198;Fall
1467.203713;1618.721874;16F;6;F899;1;198;Fall
1122.658274;1251.335023;17F;6;F900;6;198;Fall
998.426063;1140.167489;18F;6;F901;4;198;Fall
427.3397;665.1044287;19F;6;F902;5;198;Fall
638.7343313;608.2722922;20F;6;F903;2;198;Fall
1116.889231;953.7379258;21F;6;F904;6;198;Fall
1141.36302;922.9833883;22F;6;F905;1;198;Fall
1797.130587;1822.322163;23F;6;F906;4;198;Fall
1036.202302;1184.665214;24F;6;F907;5;198;Fall
1439.848406;1429.738349;25F;6;F908;2;198;Fall
1285.498095;1368.834062;26F;6;F909;6;198;Fall
581.320371;324.6228475;27F;6;F910;3;198;Fall
1507.693798;1562.193669;28F;6;F911;1;198;Fall
1418.909687;1754.842499;29F;6;F912;6;198;Fall
1156.912307;1237.94593;30F;6;F913;4;198;Fall
683.9048211;692.6996459;31F;6;F914;5;198;Fall
766.0608046;1077.287947;32F;6;F915;2;198;Fall
983.2399939;1346.902974;33F;6;F916;1;198;Fall
1078.199007;790.0173546;34F;6;F917;3;198;Fall
1322.555811;1205.763869;35F;6;F918;4;198;Fall
804.9337084;1128.952387;37F;6;F920;2;198;Fall
671.0682571;859.5626122;38F;6;F921;3;198;Fall
914.5070222;862.524108;40F;6;F923;1;198;Fall
313.546578;241.005805;41F;6;F924;3;198;Fall
1920.2681;2107.202832;42F;6;F925;4;198;Fall
1253.104813;1474.529432;43F;6;F926;5;198;Fall
1099.585688;1177.203987;44F;6;F927;6;198;Fall
994.3464256;1204.957576;46F;6;F929;3;198;Fall
387.3990709;554.9699988;47F;6;F930;1;198;Fall
1014.39405;1027.083233;48F;6;F931;6;198;Fall
652.0674023;744.6496038;49F;6;F932;3;198;Fall
692.1635718;949.9926041;50F;6;F933;4;198;Fall
615.7275805;1032.410952;51F;6;F934;5;198;Fall
1209.814695;1487.585245;52F;6;F935;2;198;Fall
765.4589362;669.6297602;53F;6;F936;1;198;Fall
1708.055306;1508.397348;54F;6;F937;6;198;Fall
920.0378963;1281.114788;55F;6;F938;4;198;Fall
662.8767264;695.8999604;56F;6;F939;2;198;Fall
1037.711501;1322.829422;57F;6;F940;6;198;Fall
308.2083195;649.0706637;58F;6;F941;4;198;Fall
568.2435794;718.5473636;59F;6;F942;5;198;Fall
1040.021208;1191.585031;60F;6;F943;2;198;Fall
-211.817587;330.1763002;61F;6;F944;1;198;Fall
1232.796304;1453.943924;62F;6;F945;3;198;Fall
86.65871002;488.3718525;63F;6;F946;1;198;Fall
1887.111983;1561.359662;64F;6;F947;3;198;Fall
1255.574608;1098.730478;65F;6;F948;4;198;Fall
974.629348;943.5139757;66F;6;F949;2;198;Fall
989.902624;1239.23437;67F;6;F950;6;198;Fall
527.4588799;370.7424638;68F;6;F951;1;198;Fall
901.7376875;695.4959237;69F;6;F952;6;198;Fall
1310.93444;1452.645865;70F;6;F953;4;198;Fall
917.6875753;1425.085408;71F;6;F954;5;198;Fall
759.9073571;922.3839778;72F;6;F955;2;198;Fall
184.2341522;406.9370134;73F;6;F956;6;198;Fall
1912.242289;1868.344318;74F;6;F957;3;198;Fall
1380.928884;1238.804552;75F;6;F958;1;198;Fall
1344.027878;1386.71245;76F;6;F959;3;198;Fall
647.5931484;745.2858215;78F;6;F961;4;198;Fall
339.335484;870.7309459;79F;6;F962;5;198;Fall
1665.524377;1555.791141;80F;6;F963;2;198;Fall
653.0894025;613.9094594;81F;6;F964;6;198;Fall
1404.539305;1265.874166;82F;6;F965;1;198;Fall
1523.059246;1345.893568;83F;6;F966;3;198;Fall
2132.05158;2183.658459;84F;6;F967;4;198;Fall
456.079806;375.9464683;85F;6;F968;6;198;Fall
1284.030516;1140.94509;86F;6;F969;6;198;Fall
1231.209883;1142.625705;87F;6;F970;2;198;Fall
207.965598;616.1910915;88F;6;F971;1;198;Fall
678.6301697;936.9436874;89F;6;F972;6;198;Fall
166.3632518;309.8731565;91F;6;F974;5;198;Fall
911.0181094;942.2070397;92F;6;F975;6;198;Fall
1194.852158;1098.226426;93F;6;F976;1;198;Fall
1284.221621;1299.613404;94F;6;F977;6;198;Fall
1324.853123;1433.056206;95F;6;F978;4;198;Fall
971.9149267;867.1352048;96F;6;F979;2;198;Fall
805.0686056;1029.85292;97F;6;F980;6;198;Fall
1549.815612;1435.363523;98F;6;F981;1;198;Fall
925.7785071;904.3950387;99F;6;F982;4;198;Fall
645.4049089;724.9952903;100F;6;F983;5;198;Fall
423.7417911;428.8165783;101F;6;F984;2;198;Fall
875.1980495;1022.263719;102F;6;F985;1;198;Fall
1323.574494;2085.977037;103F;6;F986;6;198;Fall
859.1468714;771.9780283;104F;6;F987;6;198;Fall
1544.737799;1429.134328;105F;6;F988;4;198;Fall
1288.582529;1215.554897;106F;6;F989;5;198;Fall
688.3664445;633.4657327;107F;6;F990;2;198;Fall
1895.672569;1571.413408;108F;6;F991;3;198;Fall
454.34908;774.3944665;109F;6;F992;6;198;Fall
333.8788135;730.8088616;110F;6;F993;1;198;Fall
1424.932753;1187.496414;111F;6;F994;4;198;Fall
1194.328681;1025.10811;112F;6;F995;5;198;Fall
845.7129389;972.410161;113F;6;F996;2;198;Fall
2055.786322;2207.076517;114F;6;F997;6;198;Fall
1063.49535;1252.078552;115F;6;F998;1;198;Fall
183.2188795;315.1395546;116F;6;F999;4;198;Fall
955.8753488;1021.084035;117F;7;F1000;5;226;Fall
682.4762479;838.0021872;118F;7;F1001;2;226;Fall
409.8788158;417.5465695;119F;7;F1002;3;226;Fall
399.2227666;211.4040569;120F;7;F1003;1;226;Fall
702.8061668;581.7260054;121F;7;F1004;6;226;Fall
263.4563999;235.7319128;122F;7;F1005;5;226;Fall
597.9296748;528.4984007;123F;7;F1006;6;226;Fall
524.9486209;559.9296893;124F;7;F1007;6;226;Fall
590.1739488;431.3060148;125F;7;F1008;6;226;Fall
1140.460136;970.7824959;126F;7;F1009;3;226;Fall
413.0745266;435.503821;127F;7;F1010;1;226;Fall
895.0587731;710.40684;128F;7;F1011;6;226;Fall
860.6127039;845.440427;129F;7;F1012;4;226;Fall
912.9564339;849.1214016;130F;7;F1013;1;226;Fall
170.1965608;396.7866926;131F;7;F1014;3;226;Fall
221.2749436;395.1689848;132F;7;F1015;4;226;Fall
1183.88566;1225.236533;133F;7;F1016;2;226;Fall
1075.896406;1276.193139;134F;7;F1017;4;226;Fall
304.9493038;483.0979317;135F;7;F1018;5;226;Fall
394.357024;391.9721902;136F;7;F1019;2;226;Fall
881.6100139;938.8590427;137F;7;F1020;1;226;Fall
855.7587041;883.1064523;138F;7;F1021;4;226;Fall
1043.265393;1333.743208;139F;7;F1022;5;226;Fall
1006.892887;1036.552093;140F;7;F1023;2;226;Fall
1250.663212;1290.544753;141F;7;F1024;1;226;Fall
857.3218833;892.3260394;144F;7;F1027;4;226;Fall
475.1370671;500.7584254;145F;7;F1028;5;226;Fall
564.5986422;740.9250589;146F;7;F1029;2;226;Fall
45.20543201;87.96420439;147F;7;F1030;3;226;Fall
361.6471861;553.9191677;148F;7;F1031;1;226;Fall
665.587475;745.38058;149F;7;F1032;4;226;Fall
510.206579;605.7074087;1H;7;F1033;6;226;Fall
282.6432621;378.0965446;2H;7;F1034;6;226;Fall
809.9518987;769.5874529;3H;7;F1035;6;226;Fall
589.520223;761.6784402;4H;7;F1036;6;226;Fall
1248.558353;1095.705808;5H;7;F1037;6;226;Fall
622.0234376;652.8797903;6H;7;F1038;6;226;Fall
365.4775657;551.5431191;7H;7;F1039;6;226;Fall
806.129949;840.5299132;8H;7;F1040;6;226;Fall
1209.037431;1165.247686;9H;7;F1041;6;226;Fall
168.0087497;282.51612;11H;7;F1043;6;226;Fall
1024.868831;951.838045;12H;7;F1044;6;226;Fall
1129.116536;1070.324303;13H;7;F1045;6;226;Fall
668.2548423;774.3309323;14H;7;F1046;6;226;Fall
683.5195872;617.0422686;15H;7;F1047;6;226;Fall
714.7349148;592.849764;16H;7;F1048;6;226;Fall
840.4926172;840.4732905;17H;7;F1049;6;226;Fall
195.9185617;124.2273662;18H;7;F1050;6;226;Fall
212.8041329;341.3774964;19H;7;F1051;6;226;Fall
698.0525115;651.7357543;20H;7;F1052;6;226;Fall
157.7714177;407.3099695;21H;7;F1053;6;226;Fall
305.9997951;226.3795292;22H;7;F1054;6;226;Fall
965.6708224;777.0760897;23H;7;F1055;6;226;Fall
1016.62161;955.0643776;24H;7;F1056;6;226;Fall
285.4477152;487.4708172;25H;7;F1057;6;226;Fall
1048.0975;944.937236;26H;7;F1058;6;226;Fall
935.0579657;785.2430829;27H;7;F1059;6;226;Fall
1376.141518;1194.042182;28H;7;F1060;6;226;Fall
1112.178894;1063.475963;29H;7;F1061;6;226;Fall
1524.534662;1627.047157;30H;7;F1062;6;226;Fall
1170.495545;1141.240992;31H;7;F1063;6;226;Fall
273.7445817;398.2092855;32H;7;F1064;6;226;Fall
1913.791346;1792.052562;33H;7;F1065;6;226;Fall
463.3376715;488.459997;34H;7;F1066;6;226;Fall
219.710822;348.5892009;35H;7;F1067;6;226;Fall
1045.922246;1199.257593;36H;7;F1068;6;226;Fall
934.6527793;801.6689704;1F;7;F884;4;226;Fall
606.7068548;559.3066525;2F;7;F885;5;226;Fall
419.5341888;443.2074651;3F;7;F886;2;226;Fall
542.788922;634.6457593;4F;7;F887;1;226;Fall
702.529111;761.2211621;5F;7;F888;3;226;Fall
136.3591134;296.073309;6F;7;F889;6;226;Fall
902.9941414;660.4439168;7F;7;F890;5;226;Fall
717.5788501;799.4662184;8F;7;F891;2;226;Fall
1570.107309;1600.808239;9F;7;F892;3;226;Fall
431.5597453;568.0729565;10F;7;F893;1;226;Fall
564.6524093;394.703821;11F;7;F894;3;226;Fall
1036.699208;959.9933513;12F;7;F895;4;226;Fall
643.886293;712.0237082;13F;7;F896;5;226;Fall
759.6037222;741.7022124;14F;7;F897;2;226;Fall
2055.725686;1909.020416;15F;7;F898;6;226;Fall
926.7183962;978.4549616;16F;7;F899;1;226;Fall
938.0105689;981.1552375;17F;7;F900;6;226;Fall
598.7975544;646.6745641;18F;7;F901;4;226;Fall
247.7470832;351.7948444;19F;7;F902;5;226;Fall
691.0235755;621.1967369;20F;7;F903;2;226;Fall
712.3364196;594.4456763;21F;7;F904;6;226;Fall
888.2754439;822.4783716;22F;7;F905;1;226;Fall
853.6692926;927.0247375;23F;7;F906;4;226;Fall
699.0780597;812.0077636;24F;7;F907;5;226;Fall
743.1502856;790.5522188;25F;7;F908;2;226;Fall
927.672255;913.4565051;26F;7;F909;6;226;Fall
244.0815267;100.2627866;27F;7;F910;3;226;Fall
618.0849391;689.246985;28F;7;F911;1;226;Fall
885.6584937;1094.738718;29F;7;F912;6;226;Fall
809.9359677;797.8510736;30F;7;F913;4;226;Fall
322.4243318;230.105386;31F;7;F914;5;226;Fall
698.6525827;848.420788;32F;7;F915;2;226;Fall
916.2118363;1114.825896;33F;7;F916;1;226;Fall
239.974051;82.07453835;34F;7;F917;3;226;Fall
788.1991542;617.9703104;35F;7;F918;4;226;Fall
501.8030116;737.7893506;37F;7;F920;2;226;Fall
265.1254064;353.738494;38F;7;F921;3;226;Fall
388.0772972;443.8293643;40F;7;F923;1;226;Fall
200.8088472;239.4406191;41F;7;F924;3;226;Fall
1350.529491;1455.446549;42F;7;F925;4;226;Fall
719.5058707;860.2715787;43F;7;F926;5;226;Fall
678.836932;752.4839298;44F;7;F927;6;226;Fall
836.9828305;990.1150452;46F;7;F929;3;226;Fall
397.8147704;456.2537638;47F;7;F930;1;226;Fall
455.2558338;414.4722871;48F;7;F931;6;226;Fall
407.1419993;468.0623343;49F;7;F932;3;226;Fall
679.6856071;689.6878783;50F;7;F933;4;226;Fall
566.4607355;754.2701198;51F;7;F934;5;226;Fall
1052.849318;1094.640791;52F;7;F935;2;226;Fall
554.6814141;495.9123002;53F;7;F936;1;226;Fall
1415.220557;1316.939516;54F;7;F937;6;226;Fall
628.7987983;840.0628287;55F;7;F938;4;226;Fall
694.1801737;678.2741087;56F;7;F939;2;226;Fall
1182.674724;1314.817063;57F;7;F940;6;226;Fall
284.9991062;478.2418271;58F;7;F941;4;226;Fall
186.119001;367.4315107;59F;7;F942;5;226;Fall
519.3274671;628.7126272;60F;7;F943;2;226;Fall
-76.39542517;181.2096544;61F;7;F944;1;226;Fall
993.5757607;1199.357589;62F;7;F945;3;226;Fall
203.3360465;307.8571959;63F;7;F946;1;226;Fall
1003.394911;895.8834276;64F;7;F947;3;226;Fall
1329.779709;1217.129438;65F;7;F948;4;226;Fall
811.3319579;892.4055859;66F;7;F949;2;226;Fall
995.7573195;995.2686144;67F;7;F950;6;226;Fall
79.59638851;133.7073837;68F;7;F951;1;226;Fall
496.3543531;225.2357329;69F;7;F952;6;226;Fall
740.5759647;762.7113122;70F;7;F953;4;226;Fall
543.4844394;817.1523123;71F;7;F954;5;226;Fall
534.9160401;615.2986025;72F;7;F955;2;226;Fall
33.330835;395.9151137;73F;7;F956;6;226;Fall
1206.861101;1267.609337;74F;7;F957;3;226;Fall
1050.112152;1012.51328;75F;7;F958;1;226;Fall
878.348229;911.3878053;76F;7;F959;3;226;Fall
311.9496142;401.0709037;78F;7;F961;4;226;Fall
101.1837907;345.9708699;79F;7;F962;5;226;Fall
958.4011131;949.0685775;80F;7;F963;2;226;Fall
297.8407575;261.1496627;81F;7;F964;6;226;Fall
783.0392238;684.9672825;82F;7;F965;1;226;Fall
1073.373688;988.4372487;83F;7;F966;3;226;Fall
688.0601276;642.1079413;84F;7;F967;4;226;Fall
163.927978;258.4396683;85F;7;F968;6;226;Fall
507.8002162;617.8953689;86F;7;F969;6;226;Fall
809.4773496;701.2699379;87F;7;F970;2;226;Fall
693.9732276;776.327372;88F;7;F971;1;226;Fall
551.2547735;725.4369124;89F;7;F972;6;226;Fall
215.1843734;287.725886;91F;7;F974;5;226;Fall
957.0194985;851.0593106;92F;7;F975;6;226;Fall
968.0119522;761.8429165;93F;7;F976;1;226;Fall
751.9221812;857.2390225;94F;7;F977;6;226;Fall
408.9087926;396.6550975;95F;7;F978;4;226;Fall
848.0098541;794.2197856;96F;7;F979;2;226;Fall
715.6379187;876.1658578;97F;7;F980;6;226;Fall
675.0707406;636.9208731;98F;7;F981;1;226;Fall
178.4549363;263.6377842;99F;7;F982;4;226;Fall
114.3676208;240.4095532;100F;7;F983;5;226;Fall
455.4214164;477.3297381;101F;7;F984;2;226;Fall
545.4178985;678.9565909;102F;7;F985;1;226;Fall
1020.645006;1364.295908;103F;7;F986;6;226;Fall
942.9797771;945.6233945;104F;7;F987;6;226;Fall
750.70464;737.0608239;105F;7;F988;4;226;Fall
863.9047423;778.0482917;106F;7;F989;5;226;Fall
269.4537908;250.0306957;107F;7;F990;2;226;Fall
798.8801111;790.1791171;108F;7;F991;3;226;Fall
235.6677985;470.2123959;109F;7;F992;6;226;Fall
224.6383898;598.2781003;110F;7;F993;1;226;Fall
928.1846907;884.2494655;111F;7;F994;4;226;Fall
914.7769314;790.9794888;112F;7;F995;5;226;Fall
553.2744332;700.4207276;113F;7;F996;2;226;Fall
1368.791712;1567.994543;114F;7;F997;6;226;Fall
754.8573602;915.4452057;115F;7;F998;1;226;Fall
170.7192016;274.9148966;116F;7;F999;4;226;Fall
1325.309832;1415.783352;117F;8;F1000;5;272;Fall
769.1525613;953.1065646;118F;8;F1001;2;272;Fall
833.3354446;970.6379863;119F;8;F1002;3;272;Fall
495.8900439;415.8690566;120F;8;F1003;1;272;Fall
1134.710058;1032.16246;121F;8;F1004;6;272;Fall
894.6805708;918.0260129;122F;8;F1005;5;272;Fall
814.0753493;839.1165786;123F;8;F1006;6;272;Fall
861.7211292;934.6866144;124F;8;F1007;6;272;Fall
929.3899593;845.1805881;125F;8;F1008;6;272;Fall
778.7805177;616.6366296;126F;8;F1009;3;272;Fall
755.0540858;769.8582162;127F;8;F1010;1;272;Fall
1186.796319;1057.6713;128F;8;F1011;6;272;Fall
1005.03166;911.4435861;129F;8;F1012;4;272;Fall
1006.354511;908.280285;130F;8;F1013;1;272;Fall
642.8689532;869.7864221;131F;8;F1014;3;272;Fall
672.7348544;841.9786429;132F;8;F1015;4;272;Fall
1473.636275;1556.351253;133F;8;F1016;2;272;Fall
1605.049715;1809.109042;134F;8;F1017;4;272;Fall
575.287836;616.9601977;135F;8;F1018;5;272;Fall
1027.565717;966.0888654;136F;8;F1019;2;272;Fall
1233.013129;1287.555819;137F;8;F1020;1;272;Fall
1453.909622;1494.790172;138F;8;F1021;4;272;Fall
1276.875978;1462.237886;139F;8;F1022;5;272;Fall
1533.713294;1603.385643;140F;8;F1023;2;272;Fall
1162.868751;1253.981998;141F;8;F1024;1;272;Fall
1195.582991;1205.539094;144F;8;F1027;4;272;Fall
739.894985;893.5363232;145F;8;F1028;5;272;Fall
607.2846569;810.1686239;146F;8;F1029;2;272;Fall
165.6967523;248.7332826;147F;8;F1030;3;272;Fall
647.0332339;792.5981639;148F;8;F1031;1;272;Fall
722.857553;806.0930899;149F;8;F1032;4;272;Fall
554.250132;726.9668193;1H;8;F1033;6;272;Fall
798.1596862;942.0775959;2H;8;F1034;6;272;Fall
1216.936186;1141.59186;3H;8;F1035;6;272;Fall
867.8939441;1046.700615;4H;8;F1036;6;272;Fall
1205.588907;1191.996696;5H;8;F1037;6;272;Fall
1172.509945;1153.153654;6H;8;F1038;6;272;Fall
581.2596133;814.8296122;7H;8;F1039;6;272;Fall
1130.974221;1155.373786;8H;8;F1040;6;272;Fall
1102.254945;1198.623343;9H;8;F1041;6;272;Fall
459.7600922;483.8852468;11H;8;F1043;6;272;Fall
1230.482256;1191.449816;12H;8;F1044;6;272;Fall
1240.136217;1206.963456;13H;8;F1045;6;272;Fall
575.5033053;724.0293754;14H;8;F1046;6;272;Fall
1045.609043;1134.442833;15H;8;F1047;6;272;Fall
1097.053558;1044.194253;16H;8;F1048;6;272;Fall
1125.846436;1136.290859;17H;8;F1049;6;272;Fall
510.5973862;507.6099539;18H;8;F1050;6;272;Fall
301.2466428;448.4704287;19H;8;F1051;6;272;Fall
1144.240583;1095.239003;20H;8;F1052;6;272;Fall
405.0639981;471.4931271;21H;8;F1053;6;272;Fall
724.5679619;636.1317014;22H;8;F1054;6;272;Fall
1080.603348;961.2776664;23H;8;F1055;6;272;Fall
1310.402652;1254.67623;24H;8;F1056;6;272;Fall
569.4251993;744.2371234;25H;8;F1057;6;272;Fall
1422.998121;1458.867791;26H;8;F1058;6;272;Fall
903.2381964;741.574338;27H;8;F1059;6;272;Fall
2182.208469;2024.543679;28H;8;F1060;6;272;Fall
1247.731583;1127.475232;29H;8;F1061;6;272;Fall
1565.177016;1810.41552;30H;8;F1062;6;272;Fall
1717.302572;1579.033184;31H;8;F1063;6;272;Fall
1017.223407;1048.621207;32H;8;F1064;6;272;Fall
2181.644091;2125.774883;33H;8;F1065;6;272;Fall
750.8016959;827.1223787;34H;8;F1066;6;272;Fall
790.9169096;892.1427117;35H;8;F1067;6;272;Fall
1566.318051;1626.203377;36H;8;F1068;6;272;Fall
1097.825258;1176.698703;1F;8;F884;4;272;Fall
793.1852772;839.0135546;2F;8;F885;5;272;Fall
779.5603157;820.8874762;3F;8;F886;2;272;Fall
983.0947253;1179.637717;4F;8;F887;1;272;Fall
902.9273477;1028.040261;5F;8;F888;3;272;Fall
51.09688057;218.5480542;6F;8;F889;6;272;Fall
870.9436834;853.6838883;7F;8;F890;5;272;Fall
1274.502687;1275.116076;8F;8;F891;2;272;Fall
1583.491509;1725.114841;9F;8;F892;3;272;Fall
553.9136141;660.0868576;10F;8;F893;1;272;Fall
626.5745428;538.3866984;11F;8;F894;3;272;Fall
1699.8497;1532.63748;12F;8;F895;4;272;Fall
1284.712823;1362.562382;13F;8;F896;5;272;Fall
1153.124656;1091.016634;14F;8;F897;2;272;Fall
2306.616342;2165.479978;15F;8;F898;6;272;Fall
1279.296128;1263.394664;16F;8;F899;1;272;Fall
1184.621805;1219.715276;17F;8;F900;6;272;Fall
1057.858164;1052.804567;18F;8;F901;4;272;Fall
263.0342693;522.9701168;19F;8;F902;5;272;Fall
748.1911954;779.9950365;20F;8;F903;2;272;Fall
859.3588558;871.266837;21F;8;F904;6;272;Fall
924.5153949;901.6211181;22F;8;F905;1;272;Fall
1436.921122;1401.947763;23F;8;F906;4;272;Fall
1009.786458;1098.94232;24F;8;F907;5;272;Fall
1313.332937;1435.855316;25F;8;F908;2;272;Fall
1696.555338;1445.480761;26F;8;F909;6;272;Fall
482.4723306;449.9706521;27F;8;F910;3;272;Fall
955.130642;974.7440691;28F;8;F911;1;272;Fall
1449.424843;1612.761771;29F;8;F912;6;272;Fall
1252.344376;1238.35421;30F;8;F913;4;272;Fall
648.59201;619.3198766;31F;8;F914;5;272;Fall
1023.901853;1263.02949;32F;8;F915;2;272;Fall
1147.626286;1349.667839;33F;8;F916;1;272;Fall
639.4326972;546.3515647;34F;8;F917;3;272;Fall
1409.627007;1330.534552;35F;8;F918;4;272;Fall
750.413394;925.6776989;37F;8;F920;2;272;Fall
597.3648379;771.7929254;38F;8;F921;3;272;Fall
541.4977862;657.1283426;40F;8;F923;1;272;Fall
668.9198375;631.8335952;41F;8;F924;3;272;Fall
1552.697469;1775.120945;42F;8;F925;4;272;Fall
453.683424;589.1892294;43F;8;F926;5;272;Fall
776.5022745;791.2305545;44F;8;F927;6;272;Fall
1242.171338;1424.361852;46F;8;F929;3;272;Fall
529.1706936;625.335151;47F;8;F930;1;272;Fall
889.1530895;958.7082398;48F;8;F931;6;272;Fall
727.2838876;765.1492916;49F;8;F932;3;272;Fall
1782.137626;1784.063684;50F;8;F933;4;272;Fall
793.4416227;1034.273918;51F;8;F934;5;272;Fall
1633.787059;1611.982066;52F;8;F935;2;272;Fall
850.1233865;880.829126;53F;8;F936;1;272;Fall
1717.766899;1665.425963;54F;8;F937;6;272;Fall
1561.765705;1777.656503;55F;8;F938;4;272;Fall
866.6395835;898.8921671;56F;8;F939;2;272;Fall
1560.251419;1740.020525;57F;8;F940;6;272;Fall
632.2632773;837.4259384;58F;8;F941;4;272;Fall
806.6350247;898.3278396;59F;8;F942;5;272;Fall
707.8881761;889.7442837;60F;8;F943;2;272;Fall
415.7122286;669.4300198;61F;8;F944;1;272;Fall
856.5637757;1155.99308;62F;8;F945;3;272;Fall
305.502751;509.0834372;63F;8;F946;1;272;Fall
771.9567637;673.562043;64F;8;F947;3;272;Fall
1660.650339;1509.972504;65F;8;F948;4;272;Fall
1054.3739;1170.837767;66F;8;F949;2;272;Fall
1322.928741;1344.677131;67F;8;F950;6;272;Fall
422.6388149;624.500253;68F;8;F951;1;272;Fall
1566.62843;1267.249901;69F;8;F952;6;272;Fall
950.1461536;971.7635296;70F;8;F953;4;272;Fall
1055.494323;1198.144903;71F;8;F954;5;272;Fall
823.365174;923.4462662;72F;8;F955;2;272;Fall
307.4226385;708.9805034;73F;8;F956;6;272;Fall
1620.305205;1616.567215;74F;8;F957;3;272;Fall
1176.569225;1183.396867;75F;8;F958;1;272;Fall
916.8267365;1032.386257;76F;8;F959;3;272;Fall
641.5181844;737.3131826;78F;8;F961;4;272;Fall
692.7019801;929.3405782;79F;8;F962;5;272;Fall
1006.066336;1167.003787;80F;8;F963;2;272;Fall
467.7991086;426.7650604;81F;8;F964;6;272;Fall
766.1402572;759.2814895;82F;8;F965;1;272;Fall
1398.369445;1384.665166;83F;8;F966;3;272;Fall
1174.348294;1162.868204;84F;8;F967;4;272;Fall
562.9902815;598.4270189;85F;8;F968;6;272;Fall
961.8255534;1035.60563;86F;8;F969;6;272;Fall
1142.314986;1094.85901;87F;8;F970;2;272;Fall
716.3691558;894.6904128;88F;8;F971;1;272;Fall
935.7539217;1008.820482;89F;8;F972;6;272;Fall
348.3681599;434.6423116;91F;8;F974;5;272;Fall
1060.630074;1048.025089;92F;8;F975;6;272;Fall
1540.948991;1376.377158;93F;8;F976;1;272;Fall
1097.237127;1302.765833;94F;8;F977;6;272;Fall
984.7786105;909.9138139;95F;8;F978;4;272;Fall
1131.459102;1113.677102;96F;8;F979;2;272;Fall
756.7219658;1030.896553;97F;8;F980;6;272;Fall
897.2346482;879.7924039;98F;8;F981;1;272;Fall
723.0445782;868.1671843;99F;8;F982;4;272;Fall
422.0444454;547.7286232;100F;8;F983;5;272;Fall
558.5511821;598.5524463;101F;8;F984;2;272;Fall
485.0786059;763.9296289;102F;8;F985;1;272;Fall
1732.833795;2054.764444;103F;8;F986;6;272;Fall
1214.767881;1276.794691;104F;8;F987;6;272;Fall
1204.567445;1206.958394;105F;8;F988;4;272;Fall
1024.620128;1113.497456;106F;8;F989;5;272;Fall
665.6400479;769.6831719;107F;8;F990;2;272;Fall
1420.472771;1436.666436;108F;8;F991;3;272;Fall
768.203569;847.0480975;109F;8;F992;6;272;Fall
457.5354728;903.1469249;110F;8;F993;1;272;Fall
1902.916311;1654.96621;111F;8;F994;4;272;Fall
980.8438877;920.857646;112F;8;F995;5;272;Fall
955.0320747;1191.28487;113F;8;F996;2;272;Fall
1329.98084;1632.907937;114F;8;F997;6;272;Fall
1435.022907;1532.923131;115F;8;F998;1;272;Fall
364.8655591;518.3336459;116F;8;F999;4;272;Fall
NA;NA;117F;9;F1000;5;320;Winter
549.3975311;870.0539441;118F;9;F1001;2;320;Winter
1346.411808;1454.459957;119F;9;F1002;3;320;Winter
530.5772922;245.5815425;120F;9;F1003;1;320;Winter
1570.87046;1650.744706;121F;9;F1004;6;320;Winter
1214.8917;1240.546656;122F;9;F1005;5;320;Winter
1510.383564;1344.088366;123F;9;F1006;6;320;Winter
1248.402447;1347.25055;124F;9;F1007;6;320;Winter
1523.414992;1260.715114;125F;9;F1008;6;320;Winter
935.2381818;733.818207;126F;9;F1009;3;320;Winter
1363.421518;1388.356926;127F;9;F1010;1;320;Winter
1786.054099;1573.611962;128F;9;F1011;6;320;Winter
958.7443216;1028.18282;129F;9;F1012;4;320;Winter
1610.816037;1535.055291;130F;9;F1013;1;320;Winter
915.224753;1125.706722;131F;9;F1014;3;320;Winter
943.6232846;1229.687487;132F;9;F1015;4;320;Winter
1425.115443;1584.474467;133F;9;F1016;2;320;Winter
2272.929333;2420.381682;134F;9;F1017;4;320;Winter
728.5104053;894.7008824;135F;9;F1018;5;320;Winter
940.2065543;1071.412288;136F;9;F1019;2;320;Winter
1750.398547;1910.94513;137F;9;F1020;1;320;Winter
1829.486464;1962.903339;138F;9;F1021;4;320;Winter
2004.861997;2261.431012;139F;9;F1022;5;320;Winter
1932.323534;1968.898516;140F;9;F1023;2;320;Winter
1898.386763;1972.582573;141F;9;F1024;1;320;Winter
1775.233046;1753.753849;144F;9;F1027;4;320;Winter
742.5182112;841.6001846;145F;9;F1028;5;320;Winter
758.302765;988.9569537;146F;9;F1029;2;320;Winter
119.0818505;215.1891473;147F;9;F1030;3;320;Winter
1239.231068;1426.944396;148F;9;F1031;1;320;Winter
764.0464469;868.0617199;149F;9;F1032;4;320;Winter
1024.893574;1249.135906;1H;9;F1033;6;320;Winter
1039.030089;1182.006551;2H;9;F1034;6;320;Winter
1626.717928;1606.457201;3H;9;F1035;6;320;Winter
1580.259882;1806.609481;4H;9;F1036;6;320;Winter
1513.927229;1470.029035;5H;9;F1037;6;320;Winter
1399.432269;1462.294948;6H;9;F1038;6;320;Winter
1000.080169;1171.469078;7H;9;F1039;6;320;Winter
1670.195997;1682.314736;8H;9;F1040;6;320;Winter
1849.0673;1890.312378;9H;9;F1041;6;320;Winter
484.3737341;552.4730885;11H;9;F1043;6;320;Winter
1722.378177;1636.931653;12H;9;F1044;6;320;Winter
1490.0429;1536.302641;13H;9;F1045;6;320;Winter
806.9642885;1092.642423;14H;9;F1046;6;320;Winter
1345.109094;1422.775499;15H;9;F1047;6;320;Winter
1592.484043;1451.154845;16H;9;F1048;6;320;Winter
1254.96676;1223.825841;17H;9;F1049;6;320;Winter
818.5963288;678.053457;18H;9;F1050;6;320;Winter
472.5108722;567.4221555;19H;9;F1051;6;320;Winter
1299.93156;1213.602966;20H;9;F1052;6;320;Winter
186.2653694;445.2184495;21H;9;F1053;6;320;Winter
862.4208412;630.1300857;22H;9;F1054;6;320;Winter
1724.70642;1525.170756;23H;9;F1055;6;320;Winter
1842.673883;1744.25012;24H;9;F1056;6;320;Winter
736.2783334;977.0231924;25H;9;F1057;6;320;Winter
1712.685282;1684.130066;26H;9;F1058;6;320;Winter
1348.423457;1101.124514;27H;9;F1059;6;320;Winter
2906.342152;2801.822438;28H;9;F1060;6;320;Winter
1698.519425;1634.99269;29H;9;F1061;6;320;Winter
2321.058359;2414.297277;30H;9;F1062;6;320;Winter
1898.121509;1819.877253;31H;9;F1063;6;320;Winter
1212.765863;1277.199391;32H;9;F1064;6;320;Winter
2918.467807;2840.174638;33H;9;F1065;6;320;Winter
905.2469032;906.8914978;34H;9;F1066;6;320;Winter
678.9557845;819.9428963;35H;9;F1067;6;320;Winter
2054.132573;2206.137731;36H;9;F1068;6;320;Winter
1719.653575;1525.507711;1F;9;F884;4;320;Winter
1736.73983;1603.10223;2F;9;F885;5;320;Winter
900.0232767;964.9527651;3F;9;F886;2;320;Winter
1833.389884;1815.544286;4F;9;F887;1;320;Winter
1071.706299;1173.425855;5F;9;F888;3;320;Winter
-106.8890665;79.33938195;6F;9;F889;6;320;Winter
1109.561318;781.2931131;7F;9;F890;5;320;Winter
1563.342355;1672.372054;8F;9;F891;2;320;Winter
2257.179946;2298.719128;9F;9;F892;3;320;Winter
845.1026248;864.3660281;10F;9;F893;1;320;Winter
986.7799514;882.8494291;11F;9;F894;3;320;Winter
1518.518019;1516.31671;12F;9;F895;4;320;Winter
1660.290406;1704.095805;13F;9;F896;5;320;Winter
1357.555358;1330.395743;14F;9;F897;2;320;Winter
2905.154054;2782.214864;15F;9;F898;6;320;Winter
1668.947613;1908.091523;16F;9;F899;1;320;Winter
1340.883056;1371.452196;17F;9;F900;6;320;Winter
1451.938175;1427.195294;18F;9;F901;4;320;Winter
313.076426;469.4662804;19F;9;F902;5;320;Winter
1105.36529;1146.636293;20F;9;F903;2;320;Winter
1314.670345;1102.614902;21F;9;F904;6;320;Winter
1578.33263;1431.954601;22F;9;F905;1;320;Winter
1838.100931;1835.119927;23F;9;F906;4;320;Winter
1245.479427;1331.480346;24F;9;F907;5;320;Winter
1398.778154;1505.004922;25F;9;F908;2;320;Winter
2474.817697;2400.285059;26F;9;F909;6;320;Winter
1048.404283;628.4765816;27F;9;F910;3;320;Winter
1585.933047;1731.964067;28F;9;F911;1;320;Winter
1889.755173;2142.40706;29F;9;F912;6;320;Winter
984.5015512;1078.850952;30F;9;F913;4;320;Winter
874.6641537;830.5585677;31F;9;F914;5;320;Winter
1192.533153;1385.637325;32F;9;F915;2;320;Winter
1967.626785;2230.318263;33F;9;F916;1;320;Winter
738.0437453;678.0869806;34F;9;F917;3;320;Winter
1778.415182;1680.764199;35F;9;F918;4;320;Winter
1392.053975;1606.637993;37F;9;F920;2;320;Winter
1156.752249;1234.917738;38F;9;F921;3;320;Winter
884.8833891;993.402144;40F;9;F923;1;320;Winter
1102.016703;1004.467483;41F;9;F924;3;320;Winter
2240.776669;2479.614202;42F;9;F925;4;320;Winter
703.1195833;947.1122124;43F;9;F926;5;320;Winter
780.6599357;944.5907992;44F;9;F927;6;320;Winter
1400.796763;1479.912873;46F;9;F929;3;320;Winter
996.8466257;1077.812804;47F;9;F930;1;320;Winter
1138.236994;1265.668504;48F;9;F931;6;320;Winter
771.3979099;852.8281961;49F;9;F932;3;320;Winter
2652.868919;2689.090638;50F;9;F933;4;320;Winter
1370.707211;1736.593377;51F;9;F934;5;320;Winter
2245.558941;2440.369781;52F;9;F935;2;320;Winter
1422.943353;1399.080808;53F;9;F936;1;320;Winter
2655.177283;2654.51532;54F;9;F937;6;320;Winter
2003.886363;2374.858067;55F;9;F938;4;320;Winter
973.9370609;989.3830399;56F;9;F939;2;320;Winter
2341.904265;2743.786979;57F;9;F940;6;320;Winter
934.2970811;1256.454138;58F;9;F941;4;320;Winter
910.5171946;1018.070333;59F;9;F942;5;320;Winter
1053.721237;1213.378255;60F;9;F943;2;320;Winter
310.9896556;831.5189298;61F;9;F944;1;320;Winter
1109.736075;1368.716501;62F;9;F945;3;320;Winter
205.1403234;580.7881581;63F;9;F946;1;320;Winter
1146.202211;888.0166768;64F;9;F947;3;320;Winter
1621.798468;1567.083449;65F;9;F948;4;320;Winter
1338.694975;1443.965816;66F;9;F949;2;320;Winter
1471.632612;1586.97203;67F;9;F950;6;320;Winter
792.4667315;954.0617817;68F;9;F951;1;320;Winter
1341.127796;1197.478791;69F;9;F952;6;320;Winter
1362.40803;1511.681951;70F;9;F953;4;320;Winter
753.8292163;1053.07093;71F;9;F954;5;320;Winter
935.482648;1061.779865;72F;9;F955;2;320;Winter
450.7197627;904.4464081;73F;9;F956;6;320;Winter
1474.956626;1487.662332;74F;9;F957;3;320;Winter
2095.32939;2012.442632;75F;9;F958;1;320;Winter
1394.630867;1479.309861;76F;9;F959;3;320;Winter
1132.403048;1244.710046;78F;9;F961;4;320;Winter
635.8993291;998.5791721;79F;9;F962;5;320;Winter
631.3551698;629.7195698;80F;9;F963;2;320;Winter
607.8537951;533.583323;81F;9;F964;6;320;Winter
1123.39474;1069.61457;82F;9;F965;1;320;Winter
1343.713626;1275.932519;83F;9;F966;3;320;Winter
1199.369458;1342.6228;84F;9;F967;4;320;Winter
559.506687;739.909211;85F;9;F968;6;320;Winter
1526.736693;1645.079022;86F;9;F969;6;320;Winter
1180.085851;1085.573239;87F;9;F970;2;320;Winter
1142.145789;1304.461279;88F;9;F971;1;320;Winter
1283.208117;1456.696842;89F;9;F972;6;320;Winter
507.5293591;527.1315922;91F;9;F974;5;320;Winter
1302.562309;1361.54109;92F;9;F975;6;320;Winter
1751.105237;1692.52518;93F;9;F976;1;320;Winter
1084.049757;1338.089291;94F;9;F977;6;320;Winter
1032.120305;1076.534945;95F;9;F978;4;320;Winter
927.5062795;938.2178972;96F;9;F979;2;320;Winter
1349.44079;1524.171733;97F;9;F980;6;320;Winter
1201.209675;1309.4442;98F;9;F981;1;320;Winter
1040.25331;1093.57667;99F;9;F982;4;320;Winter
343.7824271;495.0401997;100F;9;F983;5;320;Winter
391.8018968;449.0402583;101F;9;F984;2;320;Winter
976.5883658;1096.38396;102F;9;F985;1;320;Winter
2675.165409;3236.796599;103F;9;F986;6;320;Winter
1596.810285;1671.810181;104F;9;F987;6;320;Winter
1955.451626;2003.08874;105F;9;F988;4;320;Winter
1649.117582;1615.612001;106F;9;F989;5;320;Winter
650.6529217;660.548329;107F;9;F990;2;320;Winter
1972.284029;2005.155524;108F;9;F991;3;320;Winter
752.1231631;997.7917798;109F;9;F992;6;320;Winter
815.472453;1272.866047;110F;9;F993;1;320;Winter
2909.319185;2622.997087;111F;9;F994;4;320;Winter
1031.290864;1144.070216;112F;9;F995;5;320;Winter
1704.884682;1767.29132;113F;9;F996;2;320;Winter
1818.119986;2048.928965;114F;9;F997;6;320;Winter
2007.802893;2068.156406;115F;9;F998;1;320;Winter
676.5005736;732.7477446;116F;9;F999;4;320;Winter
2425.358317;2411.850299;117F;10;F1000;5;356;Winter
1225.45212;1867.967443;118F;10;F1001;2;356;Winter
1975.071303;1649.814977;119F;10;F1002;3;356;Winter
970.7776394;1005.356907;120F;10;F1003;1;356;Winter
1903.806581;1983.673009;121F;10;F1004;6;356;Winter
1641.669915;1419.333235;122F;10;F1005;5;356;Winter
1858.405688;1644.110697;123F;10;F1006;6;356;Winter
1733.67518;1983.252332;124F;10;F1007;6;356;Winter
2227.155333;2015.171105;125F;10;F1008;6;356;Winter
726.4660346;527.6588409;126F;10;F1009;3;356;Winter
1910.481279;1909.575292;127F;10;F1010;1;356;Winter
2077.098717;2224.806272;128F;10;F1011;6;356;Winter
1416.465526;1233.614362;129F;10;F1012;4;356;Winter
2089.70037;2129.708838;130F;10;F1013;1;356;Winter
1312.793589;1411.057412;131F;10;F1014;3;356;Winter
1693.928958;1567.521876;132F;10;F1015;4;356;Winter
1838.376405;1742.67758;133F;10;F1016;2;356;Winter
2430.839975;2386.186147;134F;10;F1017;4;356;Winter
1001.899448;993.4100915;135F;10;F1018;5;356;Winter
1126.148409;1509.821957;136F;10;F1019;2;356;Winter
2418.490664;2606.226949;137F;10;F1020;1;356;Winter
2089.76177;2239.275153;138F;10;F1021;4;356;Winter
1957.385068;1984.833641;139F;10;F1022;5;356;Winter
2319.988424;2265.250875;140F;10;F1023;2;356;Winter
2297.791291;2413.803425;141F;10;F1024;1;356;Winter
2316.851386;2326.289403;144F;10;F1027;4;356;Winter
876.5637199;874.6049632;145F;10;F1028;5;356;Winter
1181.079732;1640.079565;146F;10;F1029;2;356;Winter
272.0521912;290.7950744;147F;10;F1030;3;356;Winter
989.5222422;1028.848887;148F;10;F1031;1;356;Winter
1064.948555;1033.173464;149F;10;F1032;4;356;Winter
1515.697817;1640.685318;1H;10;F1033;6;356;Winter
1934.329245;1737.553331;2H;10;F1034;6;356;Winter
2294.371106;2275.060959;3H;10;F1035;6;356;Winter
2401.504236;2216.31249;4H;10;F1036;6;356;Winter
2060.518392;2188.748798;5H;10;F1037;6;356;Winter
2318.385359;2322.174232;6H;10;F1038;6;356;Winter
1570.499034;1865.402873;7H;10;F1039;6;356;Winter
1941.69977;1977.505439;8H;10;F1040;6;356;Winter
1767.953847;1925.973686;9H;10;F1041;6;356;Winter
871.7963051;1007.773257;11H;10;F1043;6;356;Winter
1973.025669;1691.444008;12H;10;F1044;6;356;Winter
1901.867357;2230.375799;13H;10;F1045;6;356;Winter
1443.480535;1629.603987;14H;10;F1046;6;356;Winter
1586.975657;1589.534857;15H;10;F1047;6;356;Winter
1891.319443;1923.279961;16H;10;F1048;6;356;Winter
1733.412322;1375.874051;17H;10;F1049;6;356;Winter
1035.594148;1009.25764;18H;10;F1050;6;356;Winter
888.2474876;876.2909939;19H;10;F1051;6;356;Winter
1890.335099;1896.139281;20H;10;F1052;6;356;Winter
337.8516385;323.9538705;21H;10;F1053;6;356;Winter
963.8988048;903.715139;22H;10;F1054;6;356;Winter
2038.008568;1992.57689;23H;10;F1055;6;356;Winter
1970.035685;1902.245337;24H;10;F1056;6;356;Winter
830.0845306;728.5819043;25H;10;F1057;6;356;Winter
2362.235866;2506.74048;26H;10;F1058;6;356;Winter
1421.245964;879.9377968;27H;10;F1059;6;356;Winter
3047.971592;2936.959591;28H;10;F1060;6;356;Winter
2159.562349;2282.09233;29H;10;F1061;6;356;Winter
2584.727164;2795.388633;30H;10;F1062;6;356;Winter
2266.286034;2218.004264;31H;10;F1063;6;356;Winter
1750.915354;1680.809423;32H;10;F1064;6;356;Winter
3548.541862;3282.096437;33H;10;F1065;6;356;Winter
1335.016253;1033.479642;34H;10;F1066;6;356;Winter
1139.344094;1410.46713;35H;10;F1067;6;356;Winter
2281.695772;2542.131694;36H;10;F1068;6;356;Winter
1759.896759;2123.500782;1F;10;F884;4;356;Winter
1961.720133;1824.902202;2F;10;F885;5;356;Winter
1253.693357;1156.490122;3F;10;F886;2;356;Winter
2516.132143;2708.56048;4F;10;F887;1;356;Winter
1555.844782;1592.79897;5F;10;F888;3;356;Winter
144.0755459;236.1567367;6F;10;F889;6;356;Winter
1515.523418;1461.992322;7F;10;F890;5;356;Winter
2393.439852;2311.38855;8F;10;F891;2;356;Winter
3366.255386;3193.241272;9F;10;F892;3;356;Winter
1381.393091;1352.84142;10F;10;F893;1;356;Winter
1717.771391;2047.76267;11F;10;F894;3;356;Winter
NA;NA;12F;10;F895;4;356;Winter
2356.309057;2255.147547;13F;10;F896;5;356;Winter
2102.390158;1985.982905;14F;10;F897;2;356;Winter
3505.228242;3408.609588;15F;10;F898;6;356;Winter
1961.869396;2136.098535;16F;10;F899;1;356;Winter
1948.811711;1727.952833;17F;10;F900;6;356;Winter
1703.295398;1710.583057;18F;10;F901;4;356;Winter
766.9162482;516.0047423;19F;10;F902;5;356;Winter
1724.49953;1731.42135;20F;10;F903;2;356;Winter
1923.439219;1900.937476;21F;10;F904;6;356;Winter
1882.371585;1854.270433;22F;10;F905;1;356;Winter
2543.777757;2548.398269;23F;10;F906;4;356;Winter
1695.216225;1763.164472;24F;10;F907;5;356;Winter
2251.848793;2387.250606;25F;10;F908;2;356;Winter
2669.561165;2491.219802;26F;10;F909;6;356;Winter
828.4160486;750.7059276;27F;10;F910;3;356;Winter
2040.711473;2041.404907;28F;10;F911;1;356;Winter
2344.757716;2336.072698;29F;10;F912;6;356;Winter
1566.744858;1569.283099;30F;10;F913;4;356;Winter
1399.761742;1137.252086;31F;10;F914;5;356;Winter
1793.542004;1542.155951;32F;10;F915;2;356;Winter
2508.403457;2418.444139;33F;10;F916;1;356;Winter
1031.626791;1113.826507;34F;10;F917;3;356;Winter
2271.364214;2076.608869;35F;10;F918;4;356;Winter
2136.538448;2307.937542;37F;10;F920;2;356;Winter
2105.76165;2229.281371;38F;10;F921;3;356;Winter
1278.376297;1254.225445;40F;10;F923;1;356;Winter
1655.034586;1428.11336;41F;10;F924;3;356;Winter
2922.831575;3046.966429;42F;10;F925;4;356;Winter
800.1867957;1091.688956;43F;10;F926;5;356;Winter
1321.159516;1770.552904;44F;10;F927;6;356;Winter
2243.165337;2370.974151;46F;10;F929;3;356;Winter
1488.870402;1510.008804;47F;10;F930;1;356;Winter
1785.586327;2036.816417;48F;10;F931;6;356;Winter
1013.534303;1131.086821;49F;10;F932;3;356;Winter
3011.422051;2767.07372;50F;10;F933;4;356;Winter
934.7127574;1469.104793;51F;10;F934;5;356;Winter
2487.276547;2528.394375;52F;10;F935;2;356;Winter
1777.298366;1726.865183;53F;10;F936;1;356;Winter
2730.077692;2857.200272;54F;10;F937;6;356;Winter
2645.98904;2895.190875;55F;10;F938;4;356;Winter
1514.536224;1643.760534;56F;10;F939;2;356;Winter
2077.837885;2474.4463;57F;10;F940;6;356;Winter
1511.457214;1721.422661;58F;10;F941;4;356;Winter
1226.587771;1086.646187;59F;10;F942;5;356;Winter
1601.347306;1480.470587;60F;10;F943;2;356;Winter
268.4938755;553.8130738;61F;10;F944;1;356;Winter
1715.897429;1900.670034;62F;10;F945;3;356;Winter
286.9578521;522.8592532;63F;10;F946;1;356;Winter
1613.652729;1568.619792;64F;10;F947;3;356;Winter
1996.26477;1887.449744;65F;10;F948;4;356;Winter
1736.5061;1836.213352;66F;10;F949;2;356;Winter
1834.758698;1731.070247;67F;10;F950;6;356;Winter
1003.885601;1435.737324;68F;10;F951;1;356;Winter
1623.310444;1564.204083;69F;10;F952;6;356;Winter
1969.857936;2245.922241;70F;10;F953;4;356;Winter
780.4011287;842.8214742;71F;10;F954;5;356;Winter
1305.137888;1191.170383;72F;10;F955;2;356;Winter
471.0665233;655.6590892;73F;10;F956;6;356;Winter
1973.032778;1947.13241;74F;10;F957;3;356;Winter
2300.085027;2335.344467;75F;10;F958;1;356;Winter
1770.721763;1813.389737;76F;10;F959;3;356;Winter
1709.903058;1624.595972;78F;10;F961;4;356;Winter
1120.826271;1289.094226;79F;10;F962;5;356;Winter
2279.295888;2001.815701;80F;10;F963;2;356;Winter
1075.111658;1031.470461;81F;10;F964;6;356;Winter
1389.429679;1297.804879;82F;10;F965;1;356;Winter
1601.796849;1365.543216;83F;10;F966;3;356;Winter
1711.503915;1974.684756;84F;10;F967;4;356;Winter
962.4344557;927.2823893;85F;10;F968;6;356;Winter
2065.096782;1851.839738;86F;10;F969;6;356;Winter
1789.15821;1745.318161;87F;10;F970;2;356;Winter
1891.360484;2267.562206;88F;10;F971;1;356;Winter
1634.099046;1485.904384;89F;10;F972;6;356;Winter
776.13856;376.8522178;91F;10;F974;5;356;Winter
2090.318715;2146.452857;92F;10;F975;6;356;Winter
2552.813547;1816.192114;93F;10;F976;1;356;Winter
1434.89722;1593.853209;94F;10;F977;6;356;Winter
1688.366185;1975.590598;95F;10;F978;4;356;Winter
1253.695242;1288.355538;96F;10;F979;2;356;Winter
1415.756529;1477.53184;97F;10;F980;6;356;Winter
1413.288274;1343.61161;98F;10;F981;1;356;Winter
1304.007861;1464.436726;99F;10;F982;4;356;Winter
974.6012504;1319.410458;100F;10;F983;5;356;Winter
757.029591;691.4415374;101F;10;F984;2;356;Winter
1267.881499;1023.075269;102F;10;F985;1;356;Winter
3591.419198;3991.516091;103F;10;F986;6;356;Winter
1875.438353;1825.576692;104F;10;F987;6;356;Winter
2651.219973;2329.417657;105F;10;F988;4;356;Winter
1965.608536;1886.1962;106F;10;F989;5;356;Winter
1304.64814;1209.328392;107F;10;F990;2;356;Winter
2792.735491;2818.226161;108F;10;F991;3;356;Winter
816.2169178;883.2424438;109F;10;F992;6;356;Winter
1244.362571;1762.990735;110F;10;F993;1;356;Winter
3293.309805;2961.508207;111F;10;F994;4;356;Winter
1561.365559;1535.294559;112F;10;F995;5;356;Winter
1510.153596;1751.652519;113F;10;F996;2;356;Winter
1973.402368;2169.956773;114F;10;F997;6;356;Winter
2156.893275;1915.8084;115F;10;F998;1;356;Winter
1007.342529;725.3099876;116F;10;F999;4;356;Winter
4179.867114;3899.135856;117F;11;F1000;5;397;Spring
3025.270833;3086.529513;118F;11;F1001;2;397;Spring
3901.173729;3625.84444;119F;11;F1002;3;397;Spring
2437.384505;2016.746516;120F;11;F1003;1;397;Spring
2615.175264;2638.844205;121F;11;F1004;6;397;Spring
2947.936652;2784.406053;122F;11;F1005;5;397;Spring
2453.490323;2078.353687;123F;11;F1006;6;397;Spring
1891.388451;1984.531155;124F;11;F1007;6;397;Spring
2974.504815;2499.441831;125F;11;F1008;6;397;Spring
1196.406153;838.0839572;126F;11;F1009;3;397;Spring
2284.462448;2172.22369;127F;11;F1010;1;397;Spring
2064.46173;2015.869969;128F;11;F1011;6;397;Spring
3352.212969;3061.904218;129F;11;F1012;4;397;Spring
1862.298005;1907.725463;130F;11;F1013;1;397;Spring
1507.313216;1930.002888;131F;11;F1014;3;397;Spring
2630.990631;2567.291019;132F;11;F1015;4;397;Spring
3295.818787;3308.065826;133F;11;F1016;2;397;Spring
3546.286774;3869.313663;134F;11;F1017;4;397;Spring
2282.228077;2602.258547;135F;11;F1018;5;397;Spring
1933.109733;2144.911086;136F;11;F1019;2;397;Spring
3408.100106;3519.553782;137F;11;F1020;1;397;Spring
1531.716317;1634.913172;138F;11;F1021;4;397;Spring
2808.146269;3427.211926;139F;11;F1022;5;397;Spring
2559.103316;2583.723234;140F;11;F1023;2;397;Spring
2388.055598;2071.548883;141F;11;F1024;1;397;Spring
2478.709628;2579.173507;144F;11;F1027;4;397;Spring
1691.693229;2209.902124;145F;11;F1028;5;397;Spring
1414.227031;2003.793354;146F;11;F1029;2;397;Spring
1035.991026;706.6216995;147F;11;F1030;3;397;Spring
1380.265311;1738.488067;148F;11;F1031;1;397;Spring
1653.649426;1640.347812;149F;11;F1032;4;397;Spring
2558.594511;2443.277834;1H;11;F1033;6;397;Spring
3788.328999;3699.895263;2H;11;F1034;6;397;Spring
2908.406914;2799.585165;3H;11;F1035;6;397;Spring
3043.890942;3395.096606;4H;11;F1036;6;397;Spring
2953.959128;2860.565638;5H;11;F1037;6;397;Spring
3374.505441;3164.968146;6H;11;F1038;6;397;Spring
2102.745485;2238.005484;7H;11;F1039;6;397;Spring
2863.33173;2904.874264;8H;11;F1040;6;397;Spring
3541.297663;3351.100241;9H;11;F1041;6;397;Spring
1863.994594;1894.254237;11H;11;F1043;6;397;Spring
2658.424377;2347.337602;12H;11;F1044;6;397;Spring
2316.071901;2645.039451;13H;11;F1045;6;397;Spring
1716.544195;2019.585806;14H;11;F1046;6;397;Spring
2718.345588;2996.246445;15H;11;F1047;6;397;Spring
3040.117695;2992.270197;16H;11;F1048;6;397;Spring
2738.019669;2604.902833;17H;11;F1049;6;397;Spring
1484.668837;1446.688629;18H;11;F1050;6;397;Spring
1558.077938;1646.403886;19H;11;F1051;6;397;Spring
2552.345919;2540.124801;20H;11;F1052;6;397;Spring
1582.051911;2014.582796;21H;11;F1053;6;397;Spring
1401.910159;1024.999789;22H;11;F1054;6;397;Spring
2867.041833;2568.617906;23H;11;F1055;6;397;Spring
2542.019433;2188.215082;24H;11;F1056;6;397;Spring
1390.324339;1630.70491;25H;11;F1057;6;397;Spring
2685.983596;2574.437618;26H;11;F1058;6;397;Spring
2339.589498;2254.278334;27H;11;F1059;6;397;Spring
4435.160522;4387.460759;28H;11;F1060;6;397;Spring
2682.327362;2768.418897;29H;11;F1061;6;397;Spring
2559.737268;2601.08551;30H;11;F1062;6;397;Spring
3593.092717;3590.787885;31H;11;F1063;6;397;Spring
2401.477181;2466.175106;32H;11;F1064;6;397;Spring
4086.332398;4047.484422;33H;11;F1065;6;397;Spring
2211.659657;2205.868344;34H;11;F1066;6;397;Spring
2315.974758;2608.879443;35H;11;F1067;6;397;Spring
3366.729798;3565.30446;36H;11;F1068;6;397;Spring
2179.867713;1790.925119;1F;11;F884;4;397;Spring
1781.161339;1363.165665;2F;11;F885;5;397;Spring
2341.553156;2481.845565;3F;11;F886;2;397;Spring
3275.761836;3309.523877;4F;11;F887;1;397;Spring
2827.863567;3091.739479;5F;11;F888;3;397;Spring
1793.072302;2299.189405;6F;11;F889;6;397;Spring
2100.781263;1861.173325;7F;11;F890;5;397;Spring
3180.369238;3302.896672;8F;11;F891;2;397;Spring
2912.571254;2558.059731;9F;11;F892;3;397;Spring
2320.955595;2025.706806;10F;11;F893;1;397;Spring
1438.515106;1610.393844;11F;11;F894;3;397;Spring
4271.430338;4179.063947;12F;11;F895;4;397;Spring
3304.124461;3046.262093;13F;11;F896;5;397;Spring
2604.418;2768.430382;14F;11;F897;2;397;Spring
4230.370599;4071.56193;15F;11;F898;6;397;Spring
2611.319336;2971.688439;16F;11;F899;1;397;Spring
2570.878555;2751.528621;17F;11;F900;6;397;Spring
3023.323673;3074.149221;18F;11;F901;4;397;Spring
1307.19155;1496.157582;19F;11;F902;5;397;Spring
2208.368676;2518.07001;20F;11;F903;2;397;Spring
2102.573492;1649.24843;21F;11;F904;6;397;Spring
2753.16092;2637.57438;22F;11;F905;1;397;Spring
2995.436918;2976.38936;23F;11;F906;4;397;Spring
2864.452354;3105.3188;24F;11;F907;5;397;Spring
3734.217162;3642.168207;25F;11;F908;2;397;Spring
2344.641345;2446.968601;26F;11;F909;6;397;Spring
1257.050947;665.8869964;27F;11;F910;3;397;Spring
2697.900648;2902.27729;28F;11;F911;1;397;Spring
1577.768607;2147.030383;29F;11;F912;6;397;Spring
2459.750617;2783.249787;30F;11;F913;4;397;Spring
3394.815467;3572.062678;31F;11;F914;5;397;Spring
2449.784843;2729.844863;32F;11;F915;2;397;Spring
2275.33435;2494.251397;33F;11;F916;1;397;Spring
2100.055137;1803.670537;34F;11;F917;3;397;Spring
3377.786693;3371.788522;35F;11;F918;4;397;Spring
3256.648533;3802.862114;37F;11;F920;2;397;Spring
2764.370738;2952.411899;38F;11;F921;3;397;Spring
2080.004861;2360.045629;40F;11;F923;1;397;Spring
2154.183948;2040.397482;41F;11;F924;3;397;Spring
3740.875357;3605.846609;42F;11;F925;4;397;Spring
1960.12481;1838.79826;43F;11;F926;5;397;Spring
1971.923151;2141.803615;44F;11;F927;6;397;Spring
3290.957506;3398.57968;46F;11;F929;3;397;Spring
2021.47762;2196.291806;47F;11;F930;1;397;Spring
2168.365119;2191.919163;48F;11;F931;6;397;Spring
2141.582564;2257.588085;49F;11;F932;3;397;Spring
4144.237973;4482.085218;50F;11;F933;4;397;Spring
2832.996153;2947.181239;51F;11;F934;5;397;Spring
3320.139045;3700.382105;52F;11;F935;2;397;Spring
2894.346469;2910.337608;53F;11;F936;1;397;Spring
2297.503316;2485.326981;54F;11;F937;6;397;Spring
3106.758898;3626.340938;55F;11;F938;4;397;Spring
2068.744398;2237.439489;56F;11;F939;2;397;Spring
4093.336069;4070.013939;57F;11;F940;6;397;Spring
2245.003595;2375.860616;58F;11;F941;4;397;Spring
2072.014881;2267.280897;59F;11;F942;5;397;Spring
2177.439226;2234.709641;60F;11;F943;2;397;Spring
1060.887952;1342.607304;61F;11;F944;1;397;Spring
2709.607626;2960.522658;62F;11;F945;3;397;Spring
1013.339897;1221.627787;63F;11;F946;1;397;Spring
2265.490173;1690.385847;64F;11;F947;3;397;Spring
2458.419313;2291.042593;65F;11;F948;4;397;Spring
2586.949874;2517.977758;66F;11;F949;2;397;Spring
2493.247002;2373.791604;67F;11;F950;6;397;Spring
1422.516339;1153.501279;68F;11;F951;1;397;Spring
2029.467406;2203.251999;69F;11;F952;6;397;Spring
2217.53644;2311.134057;70F;11;F953;4;397;Spring
2573.750057;3072.287085;71F;11;F954;5;397;Spring
2251.0711;2300.003089;72F;11;F955;2;397;Spring
839.6950665;1630.042894;73F;11;F956;6;397;Spring
3587.56078;4219.648853;74F;11;F957;3;397;Spring
2409.363973;2352.166185;75F;11;F958;1;397;Spring
1911.039253;2213.367523;76F;11;F959;3;397;Spring
2474.82885;2244.436838;78F;11;F961;4;397;Spring
2563.29927;2755.447102;79F;11;F962;5;397;Spring
3233.276619;2916.815064;80F;11;F963;2;397;Spring
1375.659626;1269.897332;81F;11;F964;6;397;Spring
2106.222542;1991.951087;82F;11;F965;1;397;Spring
2383.636639;2401.452335;83F;11;F966;3;397;Spring
2641.190958;2821.631986;84F;11;F967;4;397;Spring
1877.178272;1936.980669;85F;11;F968;6;397;Spring
2876.654732;3381.075658;86F;11;F969;6;397;Spring
2527.243647;2322.450033;87F;11;F970;2;397;Spring
1934.766128;2233.753114;88F;11;F971;1;397;Spring
2390.4477;2417.574692;89F;11;F972;6;397;Spring
1510.766863;1785.999905;91F;11;F974;5;397;Spring
4591.643451;4147.551692;92F;11;F975;6;397;Spring
2919.689562;2907.35115;93F;11;F976;1;397;Spring
1609.570003;2260.969123;94F;11;F977;6;397;Spring
3378.039649;3380.753973;95F;11;F978;4;397;Spring
2559.546524;2393.928054;96F;11;F979;2;397;Spring
3202.783484;3484.058514;97F;11;F980;6;397;Spring
2546.766925;2680.248239;98F;11;F981;1;397;Spring
2192.904109;2031.431154;99F;11;F982;4;397;Spring
1329.570872;2084.200108;100F;11;F983;5;397;Spring
2017.848826;2159.570397;101F;11;F984;2;397;Spring
2410.014199;2477.91041;102F;11;F985;1;397;Spring
3668.206369;4088.032704;103F;11;F986;6;397;Spring
2757.154849;2600.213239;104F;11;F987;6;397;Spring
3554.413772;3627.77122;105F;11;F988;4;397;Spring
2650.520881;2639.109047;106F;11;F989;5;397;Spring
1540.361777;1586.324403;107F;11;F990;2;397;Spring
1354.523932;1366.666563;108F;11;F991;3;397;Spring
1732.788225;1960.023223;109F;11;F992;6;397;Spring
542.2767882;1093.303498;110F;11;F993;1;397;Spring
4472.736195;4021.527749;111F;11;F994;4;397;Spring
3123.467885;3419.038819;112F;11;F995;5;397;Spring
1707.71467;1826.352191;113F;11;F996;2;397;Spring
3325.955754;3337.10286;114F;11;F997;6;397;Spring
2931.858514;3064.864897;115F;11;F998;1;397;Spring
2180.780849;2052.968364;116F;11;F999;4;397;Spring
